2026-03-27 11:58:34.514: [INFO] OnDoneLoading sync enabled: 0
2026-03-27 11:58:54.525: [INFO] OnDoneLoading sync enabled: 0
2026-03-27 12:05:53.532: [INFO] OnDoneLoading sync enabled: 0
2026-03-28 05:52:42.058: [INFO] OnDoneLoading sync enabled: 0
2026-03-28 06:02:52.725: [INFO] OnDoneLoading sync enabled: 0
2026-03-28 12:01:52.183: [INFO] OnDoneLoading sync enabled: 0
2026-04-04 07:04:56.469: [INFO] OnDoneLoading sync enabled: 0
2026-04-04 07:07:06.082: [INFO] OnDoneLoading sync enabled: 0
2026-04-04 07:10:52.579: [INFO] OnDoneLoading sync enabled: 0
2026-04-07 12:14:55.714: [INFO] OnDoneLoading sync enabled: 0
2026-04-13 05:23:51.506: [INFO] OnDoneLoading sync enabled: 0
2026-04-13 17:48:49.186: [INFO] OnDoneLoading sync enabled: 0
2026-04-13 17:53:11.059: [INFO] OnDoneLoading sync enabled: 0
2026-04-14 11:47:07.802: [INFO] OnDoneLoading sync enabled: 0
2026-04-15 09:01:59.941: [INFO] OnDoneLoading sync enabled: 0
2026-04-15 09:44:08.421: [INFO] OnDoneLoading sync enabled: 0
2026-04-15 10:07:19.298: [INFO] OnDoneLoading sync enabled: 0
2026-04-18 05:44:23.720: [INFO] OnDoneLoading sync enabled: 0
2026-04-18 12:49:57.038: [INFO] OnDoneLoading sync enabled: 0
2026-04-20 10:11:11.879: [INFO] OnDoneLoading sync enabled: 0
2026-04-21 05:27:10.060: [INFO] OnDoneLoading sync enabled: 0
2026-04-21 05:29:49.101: [INFO] OnDoneLoading sync enabled: 0
2026-04-21 05:30:17.043: [INFO] OnDoneLoading sync enabled: 0
2026-04-21 05:30:36.607: [INFO] OnDoneLoading sync enabled: 0
2026-04-21 06:54:22.557: [INFO] OnDoneLoading sync enabled: 0
2026-04-21 07:01:46.061: [INFO] OnDoneLoading sync enabled: 0
2026-04-22 04:53:41.860: [INFO] OnDoneLoading sync enabled: 0
2026-04-22 05:19:47.007: [INFO] OnDoneLoading sync enabled: 0
2026-04-25 07:36:21.616: [INFO] OnDoneLoading sync enabled: 0
2026-05-29 07:30:55.286: [INFO] OnDoneLoading sync enabled: 0
2026-07-07 03:50:09.870: [INFO] OnDoneLoading sync enabled: 0
2026-07-07 05:15:27.583: [INFO] OnDoneLoading sync enabled: 0
2026-07-07 05:17:12.937: [INFO] OnDoneLoading sync enabled: 0
2026-07-07 09:07:02.556: [INFO] OnDoneLoading sync enabled: 0
2026-07-08 04:20:31.297: [INFO] OnDoneLoading sync enabled: 0
2026-07-08 06:41:49.394: [INFO] OnDoneLoading sync enabled: 0
2026-07-08 06:42:43.894: [INFO] OnDoneLoading sync enabled: 0
2026-07-09 04:43:55.831: [INFO] OnDoneLoading sync enabled: 0
2026-07-30 04:13:48.743: [INFO] OnDoneLoading sync enabled: 0
2026-07-30 04:25:03.239: [INFO] OnDoneLoading sync enabled: 0
2026-07-30 05:12:13.029: [INFO] OnDoneLoading sync enabled: 0
2026-07-30 05:26:33.344: [INFO] OnDoneLoading sync enabled: 0
2026-07-31 04:18:20.609: [INFO] OnDoneLoading sync enabled: 0
2026-07-31 04:21:50.720: [INFO] OnDoneLoading sync enabled: 0
2026-07-31 04:59:34.021: [INFO] OnDoneLoading sync enabled: 0
2026-07-31 05:35:51.965: [INFO] OnDoneLoading sync enabled: 0
2026-08-05 06:08:26.147: [INFO] CurrentProfilePath: C:\Users\hp\Desktop\My Java Projects\.metadata\.plugins\org.eclipse.swt\EBWebView\Default
2026-08-05 06:08:26.147: [INFO] Profiles total count: 1
2026-08-05 06:08:26.147: [INFO] Profile: name=Profile 1 path=C:\Users\hp\Desktop\My Java Projects\.metadata\.plugins\org.eclipse.swt\EBWebView\Default lastActive=2026-07-31T04:18:45.790Z
2026-08-05 06:08:26.147: [INFO] LastUsedProfileDir: C:\Users\hp\Desktop\My Java Projects\.metadata\.plugins\org.eclipse.swt\EBWebView\Default
2026-08-05 06:08:26.148: [INFO] MostRecentlyActiveProfile: name=Profile 1 path=C:\Users\hp\Desktop\My Java Projects\.metadata\.plugins\org.eclipse.swt\EBWebView\Default lastActive=2026-07-31T04:18:45.790Z
2026-08-05 06:08:26.148: [INFO] OnDoneLoading sync enabled: 0
2026-08-05 06:08:26.148: [INFO] BookmarkModelLoaded, ids_reassigned: 0
2026-08-05 06:08:26.148: [INFO] BookmarksLoadDropped droppedNodes=0
2026-08-05 06:08:26.148: [INFO] BookmarksSnapshot Startup total=0 bar=0 other=0 mobile=0 showBar=0 showBarNTP=1
2026-08-05 11:51:00.796: [INFO] BookmarksSnapshot Shutdown total=0 bar=0 other=0 mobile=0 showBar=0 showBarNTP=1
2026-08-06 03:59:30.937: [INFO] CurrentProfilePath: C:\Users\hp\Desktop\My Java Projects\.metadata\.plugins\org.eclipse.swt\EBWebView\Default
2026-08-06 03:59:30.937: [INFO] Profiles total count: 1
2026-08-06 03:59:30.938: [INFO] Profile: name=Profile 1 path=C:\Users\hp\Desktop\My Java Projects\.metadata\.plugins\org.eclipse.swt\EBWebView\Default lastActive=2026-08-05T11:50:59.319Z
2026-08-06 03:59:30.938: [INFO] LastUsedProfileDir: C:\Users\hp\Desktop\My Java Projects\.metadata\.plugins\org.eclipse.swt\EBWebView\Default
2026-08-06 03:59:30.938: [INFO] MostRecentlyActiveProfile: name=Profile 1 path=C:\Users\hp\Desktop\My Java Projects\.metadata\.plugins\org.eclipse.swt\EBWebView\Default lastActive=2026-08-05T11:50:59.319Z
2026-08-06 03:59:30.938: [INFO] OnDoneLoading sync enabled: 0
2026-08-06 03:59:30.938: [INFO] BookmarkModelLoaded, ids_reassigned: 0
2026-08-06 03:59:30.938: [INFO] BookmarksLoadDropped droppedNodes=0
2026-08-06 03:59:30.938: [INFO] BookmarksSnapshot Startup total=0 bar=0 other=0 mobile=0 showBar=0 showBarNTP=1
2026-08-06 04:00:32.940: [INFO] BookmarksSnapshot Shutdown total=0 bar=0 other=0 mobile=0 showBar=0 showBarNTP=1
2026-08-06 04:03:54.086: [INFO] CurrentProfilePath: C:\Users\hp\Desktop\My Java Projects\.metadata\.plugins\org.eclipse.swt\EBWebView\Default
2026-08-06 04:03:54.086: [INFO] Profiles total count: 1
2026-08-06 04:03:54.086: [INFO] Profile: name=Profile 1 path=C:\Users\hp\Desktop\My Java Projects\.metadata\.plugins\org.eclipse.swt\EBWebView\Default lastActive=2026-08-06T04:00:32.610Z
2026-08-06 04:03:54.086: [INFO] LastUsedProfileDir: C:\Users\hp\Desktop\My Java Projects\.metadata\.plugins\org.eclipse.swt\EBWebView\Default
2026-08-06 04:03:54.087: [INFO] MostRecentlyActiveProfile: name=Profile 1 path=C:\Users\hp\Desktop\My Java Projects\.metadata\.plugins\org.eclipse.swt\EBWebView\Default lastActive=2026-08-06T04:00:32.610Z
2026-08-06 04:03:54.087: [INFO] OnDoneLoading sync enabled: 0
2026-08-06 04:03:54.087: [INFO] BookmarkModelLoaded, ids_reassigned: 0
2026-08-06 04:03:54.087: [INFO] BookmarksLoadDropped droppedNodes=0
2026-08-06 04:03:54.087: [INFO] BookmarksSnapshot Startup total=0 bar=0 other=0 mobile=0 showBar=0 showBarNTP=1
2026-08-06 04:11:23.730: [INFO] BookmarksSnapshot Shutdown total=0 bar=0 other=0 mobile=0 showBar=0 showBarNTP=1
2026-08-06 04:11:59.536: [INFO] CurrentProfilePath: C:\Users\hp\Desktop\My Java Projects\.metadata\.plugins\org.eclipse.swt\EBWebView\Default
2026-08-06 04:11:59.536: [INFO] Profiles total count: 1
2026-08-06 04:11:59.537: [INFO] Profile: name=Profile 1 path=C:\Users\hp\Desktop\My Java Projects\.metadata\.plugins\org.eclipse.swt\EBWebView\Default lastActive=2026-08-06T04:00:32.610Z
2026-08-06 04:11:59.537: [INFO] LastUsedProfileDir: C:\Users\hp\Desktop\My Java Projects\.metadata\.plugins\org.eclipse.swt\EBWebView\Default
2026-08-06 04:11:59.537: [INFO] MostRecentlyActiveProfile: name=Profile 1 path=C:\Users\hp\Desktop\My Java Projects\.metadata\.plugins\org.eclipse.swt\EBWebView\Default lastActive=2026-08-06T04:00:32.610Z
2026-08-06 04:11:59.537: [INFO] OnDoneLoading sync enabled: 0
2026-08-06 04:11:59.537: [INFO] BookmarkModelLoaded, ids_reassigned: 0
2026-08-06 04:11:59.537: [INFO] BookmarksLoadDropped droppedNodes=0
2026-08-06 04:11:59.537: [INFO] BookmarksSnapshot Startup total=0 bar=0 other=0 mobile=0 showBar=0 showBarNTP=1
2026-08-06 04:14:17.077: [INFO] BookmarksSnapshot Shutdown total=0 bar=0 other=0 mobile=0 showBar=0 showBarNTP=1
2026-08-06 04:16:51.356: [INFO] CurrentProfilePath: C:\Users\hp\Desktop\My Java Projects\.metadata\.plugins\org.eclipse.swt\EBWebView\Default
2026-08-06 04:16:51.356: [INFO] Profiles total count: 1
2026-08-06 04:16:51.356: [INFO] Profile: name=Profile 1 path=C:\Users\hp\Desktop\My Java Projects\.metadata\.plugins\org.eclipse.swt\EBWebView\Default lastActive=2026-08-06T04:00:32.610Z
2026-08-06 04:16:51.356: [INFO] LastUsedProfileDir: C:\Users\hp\Desktop\My Java Projects\.metadata\.plugins\org.eclipse.swt\EBWebView\Default
2026-08-06 04:16:51.356: [INFO] MostRecentlyActiveProfile: name=Profile 1 path=C:\Users\hp\Desktop\My Java Projects\.metadata\.plugins\org.eclipse.swt\EBWebView\Default lastActive=2026-08-06T04:00:32.610Z
2026-08-06 04:16:51.356: [INFO] OnDoneLoading sync enabled: 0
2026-08-06 04:16:51.356: [INFO] BookmarkModelLoaded, ids_reassigned: 0
2026-08-06 04:16:51.356: [INFO] BookmarksLoadDropped droppedNodes=0
2026-08-06 04:16:51.356: [INFO] BookmarksSnapshot Startup total=0 bar=0 other=0 mobile=0 showBar=0 showBarNTP=1
2026-08-06 04:17:55.695: [INFO] BookmarksSnapshot Shutdown total=0 bar=0 other=0 mobile=0 showBar=0 showBarNTP=1
2026-08-06 04:18:04.990: [INFO] CurrentProfilePath: C:\Users\hp\Desktop\My Java Projects\.metadata\.plugins\org.eclipse.swt\EBWebView\Default
2026-08-06 04:18:04.990: [INFO] Profiles total count: 1
2026-08-06 04:18:04.991: [INFO] Profile: name=Profile 1 path=C:\Users\hp\Desktop\My Java Projects\.metadata\.plugins\org.eclipse.swt\EBWebView\Default lastActive=2026-08-06T04:00:32.610Z
2026-08-06 04:18:04.991: [INFO] LastUsedProfileDir: C:\Users\hp\Desktop\My Java Projects\.metadata\.plugins\org.eclipse.swt\EBWebView\Default
2026-08-06 04:18:04.991: [INFO] MostRecentlyActiveProfile: name=Profile 1 path=C:\Users\hp\Desktop\My Java Projects\.metadata\.plugins\org.eclipse.swt\EBWebView\Default lastActive=2026-08-06T04:00:32.610Z
2026-08-06 04:18:04.991: [INFO] OnDoneLoading sync enabled: 0
2026-08-06 04:18:04.991: [INFO] BookmarkModelLoaded, ids_reassigned: 0
2026-08-06 04:18:04.991: [INFO] BookmarksLoadDropped droppedNodes=0
2026-08-06 04:18:04.991: [INFO] BookmarksSnapshot Startup total=0 bar=0 other=0 mobile=0 showBar=0 showBarNTP=1
2026-08-06 04:18:57.316: [INFO] BookmarksSnapshot Shutdown total=0 bar=0 other=0 mobile=0 showBar=0 showBarNTP=1
2026-08-06 04:18:59.087: [INFO] CurrentProfilePath: C:\Users\hp\Desktop\My Java Projects\.metadata\.plugins\org.eclipse.swt\EBWebView\Default
2026-08-06 04:18:59.087: [INFO] Profiles total count: 1
2026-08-06 04:18:59.088: [INFO] Profile: name=Profile 1 path=C:\Users\hp\Desktop\My Java Projects\.metadata\.plugins\org.eclipse.swt\EBWebView\Default lastActive=2026-08-06T04:00:32.610Z
2026-08-06 04:18:59.088: [INFO] LastUsedProfileDir: C:\Users\hp\Desktop\My Java Projects\.metadata\.plugins\org.eclipse.swt\EBWebView\Default
2026-08-06 04:18:59.088: [INFO] MostRecentlyActiveProfile: name=Profile 1 path=C:\Users\hp\Desktop\My Java Projects\.metadata\.plugins\org.eclipse.swt\EBWebView\Default lastActive=2026-08-06T04:00:32.610Z
2026-08-06 04:18:59.088: [INFO] OnDoneLoading sync enabled: 0
2026-08-06 04:18:59.088: [INFO] BookmarkModelLoaded, ids_reassigned: 0
2026-08-06 04:18:59.088: [INFO] BookmarksLoadDropped droppedNodes=0
2026-08-06 04:18:59.088: [INFO] BookmarksSnapshot Startup total=0 bar=0 other=0 mobile=0 showBar=0 showBarNTP=1
2026-08-06 04:22:51.405: [INFO] BookmarksSnapshot Shutdown total=0 bar=0 other=0 mobile=0 showBar=0 showBarNTP=1
2026-08-06 04:23:52.591: [INFO] CurrentProfilePath: C:\Users\hp\Desktop\My Java Projects\.metadata\.plugins\org.eclipse.swt\EBWebView\Default
2026-08-06 04:23:52.591: [INFO] Profiles total count: 1
2026-08-06 04:23:52.591: [INFO] Profile: name=Profile 1 path=C:\Users\hp\Desktop\My Java Projects\.metadata\.plugins\org.eclipse.swt\EBWebView\Default lastActive=2026-08-06T04:00:32.610Z
2026-08-06 04:23:52.591: [INFO] LastUsedProfileDir: C:\Users\hp\Desktop\My Java Projects\.metadata\.plugins\org.eclipse.swt\EBWebView\Default
2026-08-06 04:23:52.591: [INFO] MostRecentlyActiveProfile: name=Profile 1 path=C:\Users\hp\Desktop\My Java Projects\.metadata\.plugins\org.eclipse.swt\EBWebView\Default lastActive=2026-08-06T04:00:32.610Z
2026-08-06 04:23:52.591: [INFO] OnDoneLoading sync enabled: 0
2026-08-06 04:23:52.591: [INFO] BookmarkModelLoaded, ids_reassigned: 0
2026-08-06 04:23:52.591: [INFO] BookmarksLoadDropped droppedNodes=0
2026-08-06 04:23:52.591: [INFO] BookmarksSnapshot Startup total=0 bar=0 other=0 mobile=0 showBar=0 showBarNTP=1
2026-08-06 04:48:27.269: [INFO] BookmarksSnapshot Shutdown total=0 bar=0 other=0 mobile=0 showBar=0 showBarNTP=1
2026-08-06 04:50:33.330: [INFO] CurrentProfilePath: C:\Users\hp\Desktop\My Java Projects\.metadata\.plugins\org.eclipse.swt\EBWebView\Default
2026-08-06 04:50:33.330: [INFO] Profiles total count: 1
2026-08-06 04:50:33.331: [INFO] Profile: name=Profile 1 path=C:\Users\hp\Desktop\My Java Projects\.metadata\.plugins\org.eclipse.swt\EBWebView\Default lastActive=2026-08-06T04:00:32.610Z
2026-08-06 04:50:33.331: [INFO] LastUsedProfileDir: C:\Users\hp\Desktop\My Java Projects\.metadata\.plugins\org.eclipse.swt\EBWebView\Default
2026-08-06 04:50:33.331: [INFO] MostRecentlyActiveProfile: name=Profile 1 path=C:\Users\hp\Desktop\My Java Projects\.metadata\.plugins\org.eclipse.swt\EBWebView\Default lastActive=2026-08-06T04:00:32.610Z
2026-08-06 04:50:33.331: [INFO] OnDoneLoading sync enabled: 0
2026-08-06 04:50:33.331: [INFO] BookmarkModelLoaded, ids_reassigned: 0
2026-08-06 04:50:33.331: [INFO] BookmarksLoadDropped droppedNodes=0
2026-08-06 04:50:33.331: [INFO] BookmarksSnapshot Startup total=0 bar=0 other=0 mobile=0 showBar=0 showBarNTP=1
2026-08-06 04:52:21.677: [INFO] BookmarksSnapshot Shutdown total=0 bar=0 other=0 mobile=0 showBar=0 showBarNTP=1
2026-08-06 04:52:41.119: [INFO] CurrentProfilePath: C:\Users\hp\Desktop\My Java Projects\.metadata\.plugins\org.eclipse.swt\EBWebView\Default
2026-08-06 04:52:41.119: [INFO] Profiles total count: 1
2026-08-06 04:52:41.119: [INFO] Profile: name=Profile 1 path=C:\Users\hp\Desktop\My Java Projects\.metadata\.plugins\org.eclipse.swt\EBWebView\Default lastActive=2026-08-06T04:00:32.610Z
2026-08-06 04:52:41.119: [INFO] LastUsedProfileDir: C:\Users\hp\Desktop\My Java Projects\.metadata\.plugins\org.eclipse.swt\EBWebView\Default
2026-08-06 04:52:41.119: [INFO] MostRecentlyActiveProfile: name=Profile 1 path=C:\Users\hp\Desktop\My Java Projects\.metadata\.plugins\org.eclipse.swt\EBWebView\Default lastActive=2026-08-06T04:00:32.610Z
2026-08-06 04:52:41.120: [INFO] OnDoneLoading sync enabled: 0
2026-08-06 04:52:41.120: [INFO] BookmarkModelLoaded, ids_reassigned: 0
2026-08-06 04:52:41.120: [INFO] BookmarksLoadDropped droppedNodes=0
2026-08-06 04:52:41.120: [INFO] BookmarksSnapshot Startup total=0 bar=0 other=0 mobile=0 showBar=0 showBarNTP=1
2026-08-06 05:00:37.563: [INFO] BookmarksSnapshot Shutdown total=0 bar=0 other=0 mobile=0 showBar=0 showBarNTP=1
2026-08-06 05:01:26.560: [INFO] CurrentProfilePath: C:\Users\hp\Desktop\My Java Projects\.metadata\.plugins\org.eclipse.swt\EBWebView\Default
2026-08-06 05:01:26.560: [INFO] Profiles total count: 1
2026-08-06 05:01:26.560: [INFO] Profile: name=Profile 1 path=C:\Users\hp\Desktop\My Java Projects\.metadata\.plugins\org.eclipse.swt\EBWebView\Default lastActive=2026-08-06T04:00:32.610Z
2026-08-06 05:01:26.560: [INFO] LastUsedProfileDir: C:\Users\hp\Desktop\My Java Projects\.metadata\.plugins\org.eclipse.swt\EBWebView\Default
2026-08-06 05:01:26.560: [INFO] MostRecentlyActiveProfile: name=Profile 1 path=C:\Users\hp\Desktop\My Java Projects\.metadata\.plugins\org.eclipse.swt\EBWebView\Default lastActive=2026-08-06T04:00:32.610Z
2026-08-06 05:01:26.560: [INFO] OnDoneLoading sync enabled: 0
2026-08-06 05:01:26.560: [INFO] BookmarkModelLoaded, ids_reassigned: 0
2026-08-06 05:01:26.560: [INFO] BookmarksLoadDropped droppedNodes=0
2026-08-06 05:01:26.560: [INFO] BookmarksSnapshot Startup total=0 bar=0 other=0 mobile=0 showBar=0 showBarNTP=1
2026-08-06 05:27:11.533: [INFO] BookmarksSnapshot Shutdown total=0 bar=0 other=0 mobile=0 showBar=0 showBarNTP=1
2026-08-06 06:23:12.750: [INFO] CurrentProfilePath: C:\Users\hp\Desktop\My Java Projects\.metadata\.plugins\org.eclipse.swt\EBWebView\Default
2026-08-06 06:23:12.750: [INFO] Profiles total count: 1
2026-08-06 06:23:12.750: [INFO] Profile: name=Profile 1 path=C:\Users\hp\Desktop\My Java Projects\.metadata\.plugins\org.eclipse.swt\EBWebView\Default lastActive=2026-08-06T04:00:32.610Z
2026-08-06 06:23:12.750: [INFO] LastUsedProfileDir: C:\Users\hp\Desktop\My Java Projects\.metadata\.plugins\org.eclipse.swt\EBWebView\Default
2026-08-06 06:23:12.751: [INFO] MostRecentlyActiveProfile: name=Profile 1 path=C:\Users\hp\Desktop\My Java Projects\.metadata\.plugins\org.eclipse.swt\EBWebView\Default lastActive=2026-08-06T04:00:32.610Z
2026-08-06 06:23:12.751: [INFO] OnDoneLoading sync enabled: 0
2026-08-06 06:23:12.751: [INFO] BookmarkModelLoaded, ids_reassigned: 0
2026-08-06 06:23:12.751: [INFO] BookmarksLoadDropped droppedNodes=0
2026-08-06 06:23:12.751: [INFO] BookmarksSnapshot Startup total=0 bar=0 other=0 mobile=0 showBar=0 showBarNTP=1
2026-08-07 04:15:17.541: [INFO] BookmarksSnapshot Shutdown total=0 bar=0 other=0 mobile=0 showBar=0 showBarNTP=1
2026-08-07 04:18:02.900: [INFO] CurrentProfilePath: C:\Users\hp\Desktop\My Java Projects\.metadata\.plugins\org.eclipse.swt\EBWebView\Default
2026-08-07 04:18:02.900: [INFO] Profiles total count: 1
2026-08-07 04:18:02.900: [INFO] Profile: name=Profile 1 path=C:\Users\hp\Desktop\My Java Projects\.metadata\.plugins\org.eclipse.swt\EBWebView\Default lastActive=2026-08-06T04:00:32.610Z
2026-08-07 04:18:02.900: [INFO] LastUsedProfileDir: C:\Users\hp\Desktop\My Java Projects\.metadata\.plugins\org.eclipse.swt\EBWebView\Default
2026-08-07 04:18:02.900: [INFO] MostRecentlyActiveProfile: name=Profile 1 path=C:\Users\hp\Desktop\My Java Projects\.metadata\.plugins\org.eclipse.swt\EBWebView\Default lastActive=2026-08-06T04:00:32.610Z
2026-08-07 04:18:02.900: [INFO] OnDoneLoading sync enabled: 0
2026-08-07 04:18:02.900: [INFO] BookmarkModelLoaded, ids_reassigned: 0
2026-08-07 04:18:02.900: [INFO] BookmarksLoadDropped droppedNodes=0
2026-08-07 04:18:02.900: [INFO] BookmarksSnapshot Startup total=0 bar=0 other=0 mobile=0 showBar=0 showBarNTP=1
2026-08-07 04:30:03.187: [INFO] BookmarksSnapshot Shutdown total=0 bar=0 other=0 mobile=0 showBar=0 showBarNTP=1
2026-08-07 04:30:49.309: [INFO] CurrentProfilePath: C:\Users\hp\Desktop\My Java Projects\.metadata\.plugins\org.eclipse.swt\EBWebView\Default
2026-08-07 04:30:49.309: [INFO] Profiles total count: 1
2026-08-07 04:30:49.309: [INFO] Profile: name=Profile 1 path=C:\Users\hp\Desktop\My Java Projects\.metadata\.plugins\org.eclipse.swt\EBWebView\Default lastActive=2026-08-06T04:00:32.610Z
2026-08-07 04:30:49.309: [INFO] LastUsedProfileDir: C:\Users\hp\Desktop\My Java Projects\.metadata\.plugins\org.eclipse.swt\EBWebView\Default
2026-08-07 04:30:49.310: [INFO] MostRecentlyActiveProfile: name=Profile 1 path=C:\Users\hp\Desktop\My Java Projects\.metadata\.plugins\org.eclipse.swt\EBWebView\Default lastActive=2026-08-06T04:00:32.610Z
2026-08-07 04:30:49.310: [INFO] OnDoneLoading sync enabled: 0
2026-08-07 04:30:49.310: [INFO] BookmarkModelLoaded, ids_reassigned: 0
2026-08-07 04:30:49.310: [INFO] BookmarksLoadDropped droppedNodes=0
2026-08-07 04:30:49.310: [INFO] BookmarksSnapshot Startup total=0 bar=0 other=0 mobile=0 showBar=0 showBarNTP=1
2026-08-07 04:52:50.462: [INFO] BookmarksSnapshot Shutdown total=0 bar=0 other=0 mobile=0 showBar=0 showBarNTP=1
2026-08-07 04:57:11.383: [INFO] CurrentProfilePath: C:\Users\hp\Desktop\My Java Projects\.metadata\.plugins\org.eclipse.swt\EBWebView\Default
2026-08-07 04:57:11.383: [INFO] Profiles total count: 1
2026-08-07 04:57:11.383: [INFO] Profile: name=Profile 1 path=C:\Users\hp\Desktop\My Java Projects\.metadata\.plugins\org.eclipse.swt\EBWebView\Default lastActive=2026-08-06T04:00:32.610Z
2026-08-07 04:57:11.383: [INFO] LastUsedProfileDir: C:\Users\hp\Desktop\My Java Projects\.metadata\.plugins\org.eclipse.swt\EBWebView\Default
2026-08-07 04:57:11.384: [INFO] MostRecentlyActiveProfile: name=Profile 1 path=C:\Users\hp\Desktop\My Java Projects\.metadata\.plugins\org.eclipse.swt\EBWebView\Default lastActive=2026-08-06T04:00:32.610Z
2026-08-07 04:57:11.384: [INFO] OnDoneLoading sync enabled: 0
2026-08-07 04:57:11.384: [INFO] BookmarkModelLoaded, ids_reassigned: 0
2026-08-07 04:57:11.384: [INFO] BookmarksLoadDropped droppedNodes=0
2026-08-07 04:57:11.384: [INFO] BookmarksSnapshot Startup total=0 bar=0 other=0 mobile=0 showBar=0 showBarNTP=1
2026-08-07 05:04:41.850: [INFO] BookmarksSnapshot Shutdown total=0 bar=0 other=0 mobile=0 showBar=0 showBarNTP=1
2026-08-07 05:07:39.029: [INFO] CurrentProfilePath: C:\Users\hp\Desktop\My Java Projects\.metadata\.plugins\org.eclipse.swt\EBWebView\Default
2026-08-07 05:07:39.029: [INFO] Profiles total count: 1
2026-08-07 05:07:39.029: [INFO] Profile: name=Profile 1 path=C:\Users\hp\Desktop\My Java Projects\.metadata\.plugins\org.eclipse.swt\EBWebView\Default lastActive=2026-08-06T04:00:32.610Z
2026-08-07 05:07:39.029: [INFO] LastUsedProfileDir: C:\Users\hp\Desktop\My Java Projects\.metadata\.plugins\org.eclipse.swt\EBWebView\Default
2026-08-07 05:07:39.030: [INFO] MostRecentlyActiveProfile: name=Profile 1 path=C:\Users\hp\Desktop\My Java Projects\.metadata\.plugins\org.eclipse.swt\EBWebView\Default lastActive=2026-08-06T04:00:32.610Z
2026-08-07 05:07:39.030: [INFO] OnDoneLoading sync enabled: 0
2026-08-07 05:07:39.030: [INFO] BookmarkModelLoaded, ids_reassigned: 0
2026-08-07 05:07:39.030: [INFO] BookmarksLoadDropped droppedNodes=0
2026-08-07 05:07:39.030: [INFO] BookmarksSnapshot Startup total=0 bar=0 other=0 mobile=0 showBar=0 showBarNTP=1
2026-08-07 05:07:51.275: [INFO] BookmarksSnapshot Shutdown total=0 bar=0 other=0 mobile=0 showBar=0 showBarNTP=1
2026-08-07 05:08:06.839: [INFO] CurrentProfilePath: C:\Users\hp\Desktop\My Java Projects\.metadata\.plugins\org.eclipse.swt\EBWebView\Default
2026-08-07 05:08:06.839: [INFO] Profiles total count: 1
2026-08-07 05:08:06.839: [INFO] Profile: name=Profile 1 path=C:\Users\hp\Desktop\My Java Projects\.metadata\.plugins\org.eclipse.swt\EBWebView\Default lastActive=2026-08-06T04:00:32.610Z
2026-08-07 05:08:06.839: [INFO] LastUsedProfileDir: C:\Users\hp\Desktop\My Java Projects\.metadata\.plugins\org.eclipse.swt\EBWebView\Default
2026-08-07 05:08:06.839: [INFO] MostRecentlyActiveProfile: name=Profile 1 path=C:\Users\hp\Desktop\My Java Projects\.metadata\.plugins\org.eclipse.swt\EBWebView\Default lastActive=2026-08-06T04:00:32.610Z
2026-08-07 05:08:06.839: [INFO] OnDoneLoading sync enabled: 0
2026-08-07 05:08:06.839: [INFO] BookmarkModelLoaded, ids_reassigned: 0
2026-08-07 05:08:06.839: [INFO] BookmarksLoadDropped droppedNodes=0
2026-08-07 05:08:06.839: [INFO] BookmarksSnapshot Startup total=0 bar=0 other=0 mobile=0 showBar=0 showBarNTP=1
2026-08-07 05:10:55.370: [INFO] BookmarksSnapshot Shutdown total=0 bar=0 other=0 mobile=0 showBar=0 showBarNTP=1
2026-08-07 05:12:31.144: [INFO] CurrentProfilePath: C:\Users\hp\Desktop\My Java Projects\.metadata\.plugins\org.eclipse.swt\EBWebView\Default
2026-08-07 05:12:31.144: [INFO] Profiles total count: 1
2026-08-07 05:12:31.144: [INFO] Profile: name=Profile 1 path=C:\Users\hp\Desktop\My Java Projects\.metadata\.plugins\org.eclipse.swt\EBWebView\Default lastActive=2026-08-06T04:00:32.610Z
2026-08-07 05:12:31.144: [INFO] LastUsedProfileDir: C:\Users\hp\Desktop\My Java Projects\.metadata\.plugins\org.eclipse.swt\EBWebView\Default
2026-08-07 05:12:31.145: [INFO] MostRecentlyActiveProfile: name=Profile 1 path=C:\Users\hp\Desktop\My Java Projects\.metadata\.plugins\org.eclipse.swt\EBWebView\Default lastActive=2026-08-06T04:00:32.610Z
2026-08-07 05:12:31.145: [INFO] OnDoneLoading sync enabled: 0
2026-08-07 05:12:31.145: [INFO] BookmarkModelLoaded, ids_reassigned: 0
2026-08-07 05:12:31.145: [INFO] BookmarksLoadDropped droppedNodes=0
2026-08-07 05:12:31.145: [INFO] BookmarksSnapshot Startup total=0 bar=0 other=0 mobile=0 showBar=0 showBarNTP=1
2026-08-07 05:14:01.627: [INFO] BookmarksSnapshot Shutdown total=0 bar=0 other=0 mobile=0 showBar=0 showBarNTP=1
2026-08-07 05:14:01.773: [INFO] CurrentProfilePath: C:\Users\hp\Desktop\My Java Projects\.metadata\.plugins\org.eclipse.swt\EBWebView\Default
2026-08-07 05:14:01.773: [INFO] Profiles total count: 1
2026-08-07 05:14:01.773: [INFO] Profile: name=Profile 1 path=C:\Users\hp\Desktop\My Java Projects\.metadata\.plugins\org.eclipse.swt\EBWebView\Default lastActive=2026-08-06T04:00:32.610Z
2026-08-07 05:14:01.773: [INFO] LastUsedProfileDir: C:\Users\hp\Desktop\My Java Projects\.metadata\.plugins\org.eclipse.swt\EBWebView\Default
2026-08-07 05:14:01.773: [INFO] MostRecentlyActiveProfile: name=Profile 1 path=C:\Users\hp\Desktop\My Java Projects\.metadata\.plugins\org.eclipse.swt\EBWebView\Default lastActive=2026-08-06T04:00:32.610Z
2026-08-07 05:14:01.773: [INFO] OnDoneLoading sync enabled: 0
2026-08-07 05:14:01.773: [INFO] BookmarkModelLoaded, ids_reassigned: 0
2026-08-07 05:14:01.773: [INFO] BookmarksLoadDropped droppedNodes=0
2026-08-07 05:14:01.773: [INFO] BookmarksSnapshot Startup total=0 bar=0 other=0 mobile=0 showBar=0 showBarNTP=1
2026-08-08 03:54:24.534: [INFO] BookmarksSnapshot Shutdown total=0 bar=0 other=0 mobile=0 showBar=0 showBarNTP=1
2026-08-08 04:00:58.653: [INFO] CurrentProfilePath: C:\Users\hp\Desktop\My Java Projects\.metadata\.plugins\org.eclipse.swt\EBWebView\Default
2026-08-08 04:00:58.653: [INFO] Profiles total count: 1
2026-08-08 04:00:58.653: [INFO] Profile: name=Profile 1 path=C:\Users\hp\Desktop\My Java Projects\.metadata\.plugins\org.eclipse.swt\EBWebView\Default lastActive=2026-08-06T04:00:32.610Z
2026-08-08 04:00:58.653: [INFO] LastUsedProfileDir: C:\Users\hp\Desktop\My Java Projects\.metadata\.plugins\org.eclipse.swt\EBWebView\Default
2026-08-08 04:00:58.653: [INFO] MostRecentlyActiveProfile: name=Profile 1 path=C:\Users\hp\Desktop\My Java Projects\.metadata\.plugins\org.eclipse.swt\EBWebView\Default lastActive=2026-08-06T04:00:32.610Z
2026-08-08 04:00:58.653: [INFO] OnDoneLoading sync enabled: 0
2026-08-08 04:00:58.653: [INFO] BookmarkModelLoaded, ids_reassigned: 0
2026-08-08 04:00:58.653: [INFO] BookmarksLoadDropped droppedNodes=0
2026-08-08 04:00:58.653: [INFO] BookmarksSnapshot Startup total=0 bar=0 other=0 mobile=0 showBar=0 showBarNTP=1
2026-08-08 04:07:39.715: [INFO] BookmarksSnapshot Shutdown total=0 bar=0 other=0 mobile=0 showBar=0 showBarNTP=1
2026-08-08 04:10:53.743: [INFO] CurrentProfilePath: C:\Users\hp\Desktop\My Java Projects\.metadata\.plugins\org.eclipse.swt\EBWebView\Default
2026-08-08 04:10:53.743: [INFO] Profiles total count: 1
2026-08-08 04:10:53.744: [INFO] Profile: name=Profile 1 path=C:\Users\hp\Desktop\My Java Projects\.metadata\.plugins\org.eclipse.swt\EBWebView\Default lastActive=2026-08-06T04:00:32.610Z
2026-08-08 04:10:53.744: [INFO] LastUsedProfileDir: C:\Users\hp\Desktop\My Java Projects\.metadata\.plugins\org.eclipse.swt\EBWebView\Default
2026-08-08 04:10:53.744: [INFO] MostRecentlyActiveProfile: name=Profile 1 path=C:\Users\hp\Desktop\My Java Projects\.metadata\.plugins\org.eclipse.swt\EBWebView\Default lastActive=2026-08-06T04:00:32.610Z
2026-08-08 04:10:53.744: [INFO] OnDoneLoading sync enabled: 0
2026-08-08 04:10:53.744: [INFO] BookmarkModelLoaded, ids_reassigned: 0
2026-08-08 04:10:53.744: [INFO] BookmarksLoadDropped droppedNodes=0
2026-08-08 04:10:53.744: [INFO] BookmarksSnapshot Startup total=0 bar=0 other=0 mobile=0 showBar=0 showBarNTP=1
2026-08-08 04:11:32.950: [INFO] BookmarksSnapshot Shutdown total=0 bar=0 other=0 mobile=0 showBar=0 showBarNTP=1
2026-08-08 04:11:52.071: [INFO] CurrentProfilePath: C:\Users\hp\Desktop\My Java Projects\.metadata\.plugins\org.eclipse.swt\EBWebView\Default
2026-08-08 04:11:52.071: [INFO] Profiles total count: 1
2026-08-08 04:11:52.071: [INFO] Profile: name=Profile 1 path=C:\Users\hp\Desktop\My Java Projects\.metadata\.plugins\org.eclipse.swt\EBWebView\Default lastActive=2026-08-06T04:00:32.610Z
2026-08-08 04:11:52.071: [INFO] LastUsedProfileDir: C:\Users\hp\Desktop\My Java Projects\.metadata\.plugins\org.eclipse.swt\EBWebView\Default
2026-08-08 04:11:52.071: [INFO] MostRecentlyActiveProfile: name=Profile 1 path=C:\Users\hp\Desktop\My Java Projects\.metadata\.plugins\org.eclipse.swt\EBWebView\Default lastActive=2026-08-06T04:00:32.610Z
2026-08-08 04:11:52.071: [INFO] OnDoneLoading sync enabled: 0
2026-08-08 04:11:52.071: [INFO] BookmarkModelLoaded, ids_reassigned: 0
2026-08-08 04:11:52.071: [INFO] BookmarksLoadDropped droppedNodes=0
2026-08-08 04:11:52.072: [INFO] BookmarksSnapshot Startup total=0 bar=0 other=0 mobile=0 showBar=0 showBarNTP=1
2026-08-08 04:28:49.942: [INFO] BookmarksSnapshot Shutdown total=0 bar=0 other=0 mobile=0 showBar=0 showBarNTP=1
2026-08-08 04:47:35.156: [INFO] CurrentProfilePath: C:\Users\hp\Desktop\My Java Projects\.metadata\.plugins\org.eclipse.swt\EBWebView\Default
2026-08-08 04:47:35.156: [INFO] Profiles total count: 1
2026-08-08 04:47:35.157: [INFO] Profile: name=Profile 1 path=C:\Users\hp\Desktop\My Java Projects\.metadata\.plugins\org.eclipse.swt\EBWebView\Default lastActive=2026-08-06T04:00:32.610Z
2026-08-08 04:47:35.157: [INFO] LastUsedProfileDir: C:\Users\hp\Desktop\My Java Projects\.metadata\.plugins\org.eclipse.swt\EBWebView\Default
2026-08-08 04:47:35.157: [INFO] MostRecentlyActiveProfile: name=Profile 1 path=C:\Users\hp\Desktop\My Java Projects\.metadata\.plugins\org.eclipse.swt\EBWebView\Default lastActive=2026-08-06T04:00:32.610Z
2026-08-08 04:47:35.157: [INFO] OnDoneLoading sync enabled: 0
2026-08-08 04:47:35.157: [INFO] BookmarkModelLoaded, ids_reassigned: 0
2026-08-08 04:47:35.157: [INFO] BookmarksLoadDropped droppedNodes=0
2026-08-08 04:47:35.157: [INFO] BookmarksSnapshot Startup total=0 bar=0 other=0 mobile=0 showBar=0 showBarNTP=1
2026-08-08 05:11:32.551: [INFO] BookmarksSnapshot Shutdown total=0 bar=0 other=0 mobile=0 showBar=0 showBarNTP=1
2026-08-08 05:23:41.627: [INFO] CurrentProfilePath: C:\Users\hp\Desktop\My Java Projects\.metadata\.plugins\org.eclipse.swt\EBWebView\Default
2026-08-08 05:23:41.627: [INFO] Profiles total count: 1
2026-08-08 05:23:41.627: [INFO] Profile: name=Profile 1 path=C:\Users\hp\Desktop\My Java Projects\.metadata\.plugins\org.eclipse.swt\EBWebView\Default lastActive=2026-08-06T04:00:32.610Z
2026-08-08 05:23:41.627: [INFO] LastUsedProfileDir: C:\Users\hp\Desktop\My Java Projects\.metadata\.plugins\org.eclipse.swt\EBWebView\Default
2026-08-08 05:23:41.628: [INFO] MostRecentlyActiveProfile: name=Profile 1 path=C:\Users\hp\Desktop\My Java Projects\.metadata\.plugins\org.eclipse.swt\EBWebView\Default lastActive=2026-08-06T04:00:32.610Z
2026-08-08 05:23:41.628: [INFO] OnDoneLoading sync enabled: 0
2026-08-08 05:23:41.628: [INFO] BookmarkModelLoaded, ids_reassigned: 0
2026-08-08 05:23:41.628: [INFO] BookmarksLoadDropped droppedNodes=0
2026-08-08 05:23:41.628: [INFO] BookmarksSnapshot Startup total=0 bar=0 other=0 mobile=0 showBar=0 showBarNTP=1
2026-08-10 04:23:10.865: [INFO] BookmarksSnapshot Shutdown total=0 bar=0 other=0 mobile=0 showBar=0 showBarNTP=1
2026-08-10 04:32:11.234: [INFO] CurrentProfilePath: C:\Users\hp\Desktop\My Java Projects\.metadata\.plugins\org.eclipse.swt\EBWebView\Default
2026-08-10 04:32:11.234: [INFO] Profiles total count: 1
2026-08-10 04:32:11.234: [INFO] Profile: name=Profile 1 path=C:\Users\hp\Desktop\My Java Projects\.metadata\.plugins\org.eclipse.swt\EBWebView\Default lastActive=2026-08-06T04:00:32.610Z
2026-08-10 04:32:11.234: [INFO] LastUsedProfileDir: C:\Users\hp\Desktop\My Java Projects\.metadata\.plugins\org.eclipse.swt\EBWebView\Default
2026-08-10 04:32:11.234: [INFO] MostRecentlyActiveProfile: name=Profile 1 path=C:\Users\hp\Desktop\My Java Projects\.metadata\.plugins\org.eclipse.swt\EBWebView\Default lastActive=2026-08-06T04:00:32.610Z
2026-08-10 04:32:11.234: [INFO] OnDoneLoading sync enabled: 0
2026-08-10 04:32:11.234: [INFO] BookmarkModelLoaded, ids_reassigned: 0
2026-08-10 04:32:11.234: [INFO] BookmarksLoadDropped droppedNodes=0
2026-08-10 04:32:11.234: [INFO] BookmarksSnapshot Startup total=0 bar=0 other=0 mobile=0 showBar=0 showBarNTP=1
2026-08-10 04:32:17.191: [INFO] BookmarksSnapshot Shutdown total=0 bar=0 other=0 mobile=0 showBar=0 showBarNTP=1
2026-08-10 04:34:01.473: [INFO] CurrentProfilePath: C:\Users\hp\Desktop\My Java Projects\.metadata\.plugins\org.eclipse.swt\EBWebView\Default
2026-08-10 04:34:01.473: [INFO] Profiles total count: 1
2026-08-10 04:34:01.474: [INFO] Profile: name=Profile 1 path=C:\Users\hp\Desktop\My Java Projects\.metadata\.plugins\org.eclipse.swt\EBWebView\Default lastActive=2026-08-06T04:00:32.610Z
2026-08-10 04:34:01.474: [INFO] LastUsedProfileDir: C:\Users\hp\Desktop\My Java Projects\.metadata\.plugins\org.eclipse.swt\EBWebView\Default
2026-08-10 04:34:01.474: [INFO] MostRecentlyActiveProfile: name=Profile 1 path=C:\Users\hp\Desktop\My Java Projects\.metadata\.plugins\org.eclipse.swt\EBWebView\Default lastActive=2026-08-06T04:00:32.610Z
2026-08-10 04:34:01.474: [INFO] OnDoneLoading sync enabled: 0
2026-08-10 04:34:01.474: [INFO] BookmarkModelLoaded, ids_reassigned: 0
2026-08-10 04:34:01.474: [INFO] BookmarksLoadDropped droppedNodes=0
2026-08-10 04:34:01.474: [INFO] BookmarksSnapshot Startup total=0 bar=0 other=0 mobile=0 showBar=0 showBarNTP=1
2026-08-10 13:41:58.079: [INFO] BookmarksSnapshot Shutdown total=0 bar=0 other=0 mobile=0 showBar=0 showBarNTP=1
2026-08-11 04:15:42.880: [INFO] CurrentProfilePath: C:\Users\hp\Desktop\My Java Projects\.metadata\.plugins\org.eclipse.swt\EBWebView\Default
2026-08-11 04:15:42.880: [INFO] Profiles total count: 1
2026-08-11 04:15:42.880: [INFO] Profile: name=Profile 1 path=C:\Users\hp\Desktop\My Java Projects\.metadata\.plugins\org.eclipse.swt\EBWebView\Default lastActive=2026-08-06T04:00:32.610Z
2026-08-11 04:15:42.880: [INFO] LastUsedProfileDir: C:\Users\hp\Desktop\My Java Projects\.metadata\.plugins\org.eclipse.swt\EBWebView\Default
2026-08-11 04:15:42.880: [INFO] MostRecentlyActiveProfile: name=Profile 1 path=C:\Users\hp\Desktop\My Java Projects\.metadata\.plugins\org.eclipse.swt\EBWebView\Default lastActive=2026-08-06T04:00:32.610Z
2026-08-11 04:15:42.880: [INFO] OnDoneLoading sync enabled: 0
2026-08-11 04:15:42.880: [INFO] BookmarkModelLoaded, ids_reassigned: 0
2026-08-11 04:15:42.880: [INFO] BookmarksLoadDropped droppedNodes=0
2026-08-11 04:15:42.880: [INFO] BookmarksSnapshot Startup total=0 bar=0 other=0 mobile=0 showBar=0 showBarNTP=1
2026-08-11 04:16:32.733: [INFO] BookmarksSnapshot Shutdown total=0 bar=0 other=0 mobile=0 showBar=0 showBarNTP=1
2026-08-11 04:17:03.840: [INFO] CurrentProfilePath: C:\Users\hp\Desktop\My Java Projects\.metadata\.plugins\org.eclipse.swt\EBWebView\Default
2026-08-11 04:17:03.840: [INFO] Profiles total count: 1
2026-08-11 04:17:03.841: [INFO] Profile: name=Profile 1 path=C:\Users\hp\Desktop\My Java Projects\.metadata\.plugins\org.eclipse.swt\EBWebView\Default lastActive=2026-08-06T04:00:32.610Z
2026-08-11 04:17:03.841: [INFO] LastUsedProfileDir: C:\Users\hp\Desktop\My Java Projects\.metadata\.plugins\org.eclipse.swt\EBWebView\Default
2026-08-11 04:17:03.841: [INFO] MostRecentlyActiveProfile: name=Profile 1 path=C:\Users\hp\Desktop\My Java Projects\.metadata\.plugins\org.eclipse.swt\EBWebView\Default lastActive=2026-08-06T04:00:32.610Z
2026-08-11 04:17:03.841: [INFO] OnDoneLoading sync enabled: 0
2026-08-11 04:17:03.841: [INFO] BookmarkModelLoaded, ids_reassigned: 0
2026-08-11 04:17:03.841: [INFO] BookmarksLoadDropped droppedNodes=0
2026-08-11 04:17:03.841: [INFO] BookmarksSnapshot Startup total=0 bar=0 other=0 mobile=0 showBar=0 showBarNTP=1
2026-08-11 04:25:45.518: [INFO] BookmarksSnapshot Shutdown total=0 bar=0 other=0 mobile=0 showBar=0 showBarNTP=1
2026-08-11 04:26:12.483: [INFO] CurrentProfilePath: C:\Users\hp\Desktop\My Java Projects\.metadata\.plugins\org.eclipse.swt\EBWebView\Default
2026-08-11 04:26:12.483: [INFO] Profiles total count: 1
2026-08-11 04:26:12.484: [INFO] Profile: name=Profile 1 path=C:\Users\hp\Desktop\My Java Projects\.metadata\.plugins\org.eclipse.swt\EBWebView\Default lastActive=2026-08-06T04:00:32.610Z
2026-08-11 04:26:12.484: [INFO] LastUsedProfileDir: C:\Users\hp\Desktop\My Java Projects\.metadata\.plugins\org.eclipse.swt\EBWebView\Default
2026-08-11 04:26:12.484: [INFO] MostRecentlyActiveProfile: name=Profile 1 path=C:\Users\hp\Desktop\My Java Projects\.metadata\.plugins\org.eclipse.swt\EBWebView\Default lastActive=2026-08-06T04:00:32.610Z
2026-08-11 04:26:12.484: [INFO] OnDoneLoading sync enabled: 0
2026-08-11 04:26:12.484: [INFO] BookmarkModelLoaded, ids_reassigned: 0
2026-08-11 04:26:12.484: [INFO] BookmarksLoadDropped droppedNodes=0
2026-08-11 04:26:12.484: [INFO] BookmarksSnapshot Startup total=0 bar=0 other=0 mobile=0 showBar=0 showBarNTP=1
2026-08-11 04:26:16.276: [INFO] BookmarksSnapshot Shutdown total=0 bar=0 other=0 mobile=0 showBar=0 showBarNTP=1
2026-08-11 04:28:23.729: [INFO] CurrentProfilePath: C:\Users\hp\Desktop\My Java Projects\.metadata\.plugins\org.eclipse.swt\EBWebView\Default
2026-08-11 04:28:23.729: [INFO] Profiles total count: 1
2026-08-11 04:28:23.730: [INFO] Profile: name=Profile 1 path=C:\Users\hp\Desktop\My Java Projects\.metadata\.plugins\org.eclipse.swt\EBWebView\Default lastActive=2026-08-06T04:00:32.610Z
2026-08-11 04:28:23.730: [INFO] LastUsedProfileDir: C:\Users\hp\Desktop\My Java Projects\.metadata\.plugins\org.eclipse.swt\EBWebView\Default
2026-08-11 04:28:23.730: [INFO] MostRecentlyActiveProfile: name=Profile 1 path=C:\Users\hp\Desktop\My Java Projects\.metadata\.plugins\org.eclipse.swt\EBWebView\Default lastActive=2026-08-06T04:00:32.610Z
2026-08-11 04:28:23.730: [INFO] OnDoneLoading sync enabled: 0
2026-08-11 04:28:23.730: [INFO] BookmarkModelLoaded, ids_reassigned: 0
2026-08-11 04:28:23.730: [INFO] BookmarksLoadDropped droppedNodes=0
2026-08-11 04:28:23.730: [INFO] BookmarksSnapshot Startup total=0 bar=0 other=0 mobile=0 showBar=0 showBarNTP=1
2026-08-11 04:28:47.738: [INFO] BookmarksSnapshot Shutdown total=0 bar=0 other=0 mobile=0 showBar=0 showBarNTP=1
2026-08-11 04:29:18.782: [INFO] CurrentProfilePath: C:\Users\hp\Desktop\My Java Projects\.metadata\.plugins\org.eclipse.swt\EBWebView\Default
2026-08-11 04:29:18.782: [INFO] Profiles total count: 1
2026-08-11 04:29:18.782: [INFO] Profile: name=Profile 1 path=C:\Users\hp\Desktop\My Java Projects\.metadata\.plugins\org.eclipse.swt\EBWebView\Default lastActive=2026-08-06T04:00:32.610Z
2026-08-11 04:29:18.782: [INFO] LastUsedProfileDir: C:\Users\hp\Desktop\My Java Projects\.metadata\.plugins\org.eclipse.swt\EBWebView\Default
2026-08-11 04:29:18.782: [INFO] MostRecentlyActiveProfile: name=Profile 1 path=C:\Users\hp\Desktop\My Java Projects\.metadata\.plugins\org.eclipse.swt\EBWebView\Default lastActive=2026-08-06T04:00:32.610Z
2026-08-11 04:29:18.782: [INFO] OnDoneLoading sync enabled: 0
2026-08-11 04:29:18.782: [INFO] BookmarkModelLoaded, ids_reassigned: 0
2026-08-11 04:29:18.782: [INFO] BookmarksLoadDropped droppedNodes=0
2026-08-11 04:29:18.782: [INFO] BookmarksSnapshot Startup total=0 bar=0 other=0 mobile=0 showBar=0 showBarNTP=1
2026-08-11 04:30:51.837: [INFO] BookmarksSnapshot Shutdown total=0 bar=0 other=0 mobile=0 showBar=0 showBarNTP=1
2026-08-11 04:35:19.531: [INFO] CurrentProfilePath: C:\Users\hp\Desktop\My Java Projects\.metadata\.plugins\org.eclipse.swt\EBWebView\Default
2026-08-11 04:35:19.531: [INFO] Profiles total count: 1
2026-08-11 04:35:19.532: [INFO] Profile: name=Profile 1 path=C:\Users\hp\Desktop\My Java Projects\.metadata\.plugins\org.eclipse.swt\EBWebView\Default lastActive=2026-08-06T04:00:32.610Z
2026-08-11 04:35:19.532: [INFO] LastUsedProfileDir: C:\Users\hp\Desktop\My Java Projects\.metadata\.plugins\org.eclipse.swt\EBWebView\Default
2026-08-11 04:35:19.532: [INFO] MostRecentlyActiveProfile: name=Profile 1 path=C:\Users\hp\Desktop\My Java Projects\.metadata\.plugins\org.eclipse.swt\EBWebView\Default lastActive=2026-08-06T04:00:32.610Z
2026-08-11 04:35:19.532: [INFO] OnDoneLoading sync enabled: 0
2026-08-11 04:35:19.532: [INFO] BookmarkModelLoaded, ids_reassigned: 0
2026-08-11 04:35:19.532: [INFO] BookmarksLoadDropped droppedNodes=0
2026-08-11 04:35:19.532: [INFO] BookmarksSnapshot Startup total=0 bar=0 other=0 mobile=0 showBar=0 showBarNTP=1
2026-08-11 05:01:58.016: [INFO] BookmarksSnapshot Shutdown total=0 bar=0 other=0 mobile=0 showBar=0 showBarNTP=1
2026-08-11 05:24:55.995: [INFO] CurrentProfilePath: C:\Users\hp\Desktop\My Java Projects\.metadata\.plugins\org.eclipse.swt\EBWebView\Default
2026-08-11 05:24:55.995: [INFO] Profiles total count: 1
2026-08-11 05:24:55.995: [INFO] Profile: name=Profile 1 path=C:\Users\hp\Desktop\My Java Projects\.metadata\.plugins\org.eclipse.swt\EBWebView\Default lastActive=2026-08-06T04:00:32.610Z
2026-08-11 05:24:55.995: [INFO] LastUsedProfileDir: C:\Users\hp\Desktop\My Java Projects\.metadata\.plugins\org.eclipse.swt\EBWebView\Default
2026-08-11 05:24:55.995: [INFO] MostRecentlyActiveProfile: name=Profile 1 path=C:\Users\hp\Desktop\My Java Projects\.metadata\.plugins\org.eclipse.swt\EBWebView\Default lastActive=2026-08-06T04:00:32.610Z
2026-08-11 05:24:55.995: [INFO] OnDoneLoading sync enabled: 0
2026-08-11 05:24:55.995: [INFO] BookmarkModelLoaded, ids_reassigned: 0
2026-08-11 05:24:55.995: [INFO] BookmarksLoadDropped droppedNodes=0
2026-08-11 05:24:55.995: [INFO] BookmarksSnapshot Startup total=0 bar=0 other=0 mobile=0 showBar=0 showBarNTP=1
2026-08-11 08:54:09.581: [INFO] BookmarksSnapshot Shutdown total=0 bar=0 other=0 mobile=0 showBar=0 showBarNTP=1
2026-08-12 03:49:51.678: [INFO] CurrentProfilePath: C:\Users\hp\Desktop\My Java Projects\.metadata\.plugins\org.eclipse.swt\EBWebView\Default
2026-08-12 03:49:51.678: [INFO] Profiles total count: 1
2026-08-12 03:49:51.679: [INFO] Profile: name=Profile 1 path=C:\Users\hp\Desktop\My Java Projects\.metadata\.plugins\org.eclipse.swt\EBWebView\Default lastActive=2026-08-06T04:00:32.610Z
2026-08-12 03:49:51.679: [INFO] LastUsedProfileDir: C:\Users\hp\Desktop\My Java Projects\.metadata\.plugins\org.eclipse.swt\EBWebView\Default
2026-08-12 03:49:51.679: [INFO] MostRecentlyActiveProfile: name=Profile 1 path=C:\Users\hp\Desktop\My Java Projects\.metadata\.plugins\org.eclipse.swt\EBWebView\Default lastActive=2026-08-06T04:00:32.610Z
2026-08-12 03:49:51.679: [INFO] OnDoneLoading sync enabled: 0
2026-08-12 03:49:51.679: [INFO] BookmarkModelLoaded, ids_reassigned: 0
2026-08-12 03:49:51.679: [INFO] BookmarksLoadDropped droppedNodes=0
2026-08-12 03:49:51.679: [INFO] BookmarksSnapshot Startup total=0 bar=0 other=0 mobile=0 showBar=0 showBarNTP=1
2026-08-12 03:50:53.613: [INFO] BookmarksSnapshot Shutdown total=0 bar=0 other=0 mobile=0 showBar=0 showBarNTP=1
2026-08-12 03:51:17.619: [INFO] CurrentProfilePath: C:\Users\hp\Desktop\My Java Projects\.metadata\.plugins\org.eclipse.swt\EBWebView\Default
2026-08-12 03:51:17.619: [INFO] Profiles total count: 1
2026-08-12 03:51:17.619: [INFO] Profile: name=Profile 1 path=C:\Users\hp\Desktop\My Java Projects\.metadata\.plugins\org.eclipse.swt\EBWebView\Default lastActive=2026-08-12T03:50:17.531Z
2026-08-12 03:51:17.619: [INFO] LastUsedProfileDir: C:\Users\hp\Desktop\My Java Projects\.metadata\.plugins\org.eclipse.swt\EBWebView\Default
2026-08-12 03:51:17.619: [INFO] MostRecentlyActiveProfile: name=Profile 1 path=C:\Users\hp\Desktop\My Java Projects\.metadata\.plugins\org.eclipse.swt\EBWebView\Default lastActive=2026-08-12T03:50:17.531Z
2026-08-12 03:51:17.619: [INFO] OnDoneLoading sync enabled: 0
2026-08-12 03:51:17.619: [INFO] BookmarkModelLoaded, ids_reassigned: 0
2026-08-12 03:51:17.619: [INFO] BookmarksLoadDropped droppedNodes=0
2026-08-12 03:51:17.619: [INFO] BookmarksSnapshot Startup total=0 bar=0 other=0 mobile=0 showBar=0 showBarNTP=1
2026-08-12 03:52:49.790: [INFO] BookmarksSnapshot Shutdown total=0 bar=0 other=0 mobile=0 showBar=0 showBarNTP=1
2026-08-12 04:01:52.169: [INFO] CurrentProfilePath: C:\Users\hp\Desktop\My Java Projects\.metadata\.plugins\org.eclipse.swt\EBWebView\Default
2026-08-12 04:01:52.169: [INFO] Profiles total count: 1
2026-08-12 04:01:52.170: [INFO] Profile: name=Profile 1 path=C:\Users\hp\Desktop\My Java Projects\.metadata\.plugins\org.eclipse.swt\EBWebView\Default lastActive=2026-08-12T03:50:17.531Z
2026-08-12 04:01:52.170: [INFO] LastUsedProfileDir: C:\Users\hp\Desktop\My Java Projects\.metadata\.plugins\org.eclipse.swt\EBWebView\Default
2026-08-12 04:01:52.170: [INFO] MostRecentlyActiveProfile: name=Profile 1 path=C:\Users\hp\Desktop\My Java Projects\.metadata\.plugins\org.eclipse.swt\EBWebView\Default lastActive=2026-08-12T03:50:17.531Z
2026-08-12 04:01:52.170: [INFO] OnDoneLoading sync enabled: 0
2026-08-12 04:01:52.170: [INFO] BookmarkModelLoaded, ids_reassigned: 0
2026-08-12 04:01:52.170: [INFO] BookmarksLoadDropped droppedNodes=0
2026-08-12 04:01:52.170: [INFO] BookmarksSnapshot Startup total=0 bar=0 other=0 mobile=0 showBar=0 showBarNTP=1
2026-08-12 04:03:18.157: [INFO] BookmarksSnapshot Shutdown total=0 bar=0 other=0 mobile=0 showBar=0 showBarNTP=1
2026-08-12 04:03:36.271: [INFO] CurrentProfilePath: C:\Users\hp\Desktop\My Java Projects\.metadata\.plugins\org.eclipse.swt\EBWebView\Default
2026-08-12 04:03:36.271: [INFO] Profiles total count: 1
2026-08-12 04:03:36.272: [INFO] Profile: name=Profile 1 path=C:\Users\hp\Desktop\My Java Projects\.metadata\.plugins\org.eclipse.swt\EBWebView\Default lastActive=2026-08-12T03:50:17.531Z
2026-08-12 04:03:36.272: [INFO] LastUsedProfileDir: C:\Users\hp\Desktop\My Java Projects\.metadata\.plugins\org.eclipse.swt\EBWebView\Default
2026-08-12 04:03:36.272: [INFO] MostRecentlyActiveProfile: name=Profile 1 path=C:\Users\hp\Desktop\My Java Projects\.metadata\.plugins\org.eclipse.swt\EBWebView\Default lastActive=2026-08-12T03:50:17.531Z
2026-08-12 04:03:36.272: [INFO] OnDoneLoading sync enabled: 0
2026-08-12 04:03:36.272: [INFO] BookmarkModelLoaded, ids_reassigned: 0
2026-08-12 04:03:36.272: [INFO] BookmarksLoadDropped droppedNodes=0
2026-08-12 04:03:36.272: [INFO] BookmarksSnapshot Startup total=0 bar=0 other=0 mobile=0 showBar=0 showBarNTP=1
2026-08-12 04:10:17.538: [INFO] BookmarksSnapshot Shutdown total=0 bar=0 other=0 mobile=0 showBar=0 showBarNTP=1
2026-08-12 04:24:22.019: [INFO] CurrentProfilePath: C:\Users\hp\Desktop\My Java Projects\.metadata\.plugins\org.eclipse.swt\EBWebView\Default
2026-08-12 04:24:22.019: [INFO] Profiles total count: 1
2026-08-12 04:24:22.019: [INFO] Profile: name=Profile 1 path=C:\Users\hp\Desktop\My Java Projects\.metadata\.plugins\org.eclipse.swt\EBWebView\Default lastActive=2026-08-12T03:50:17.531Z
2026-08-12 04:24:22.019: [INFO] LastUsedProfileDir: C:\Users\hp\Desktop\My Java Projects\.metadata\.plugins\org.eclipse.swt\EBWebView\Default
2026-08-12 04:24:22.019: [INFO] MostRecentlyActiveProfile: name=Profile 1 path=C:\Users\hp\Desktop\My Java Projects\.metadata\.plugins\org.eclipse.swt\EBWebView\Default lastActive=2026-08-12T03:50:17.531Z
2026-08-12 04:24:22.019: [INFO] OnDoneLoading sync enabled: 0
2026-08-12 04:24:22.019: [INFO] BookmarkModelLoaded, ids_reassigned: 0
2026-08-12 04:24:22.019: [INFO] BookmarksLoadDropped droppedNodes=0
2026-08-12 04:24:22.019: [INFO] BookmarksSnapshot Startup total=0 bar=0 other=0 mobile=0 showBar=0 showBarNTP=1
2026-08-12 04:24:47.223: [INFO] BookmarksSnapshot Shutdown total=0 bar=0 other=0 mobile=0 showBar=0 showBarNTP=1
2026-08-12 04:25:44.511: [INFO] CurrentProfilePath: C:\Users\hp\Desktop\My Java Projects\.metadata\.plugins\org.eclipse.swt\EBWebView\Default
2026-08-12 04:25:44.511: [INFO] Profiles total count: 1
2026-08-12 04:25:44.511: [INFO] Profile: name=Profile 1 path=C:\Users\hp\Desktop\My Java Projects\.metadata\.plugins\org.eclipse.swt\EBWebView\Default lastActive=2026-08-12T03:50:17.531Z
2026-08-12 04:25:44.511: [INFO] LastUsedProfileDir: C:\Users\hp\Desktop\My Java Projects\.metadata\.plugins\org.eclipse.swt\EBWebView\Default
2026-08-12 04:25:44.511: [INFO] MostRecentlyActiveProfile: name=Profile 1 path=C:\Users\hp\Desktop\My Java Projects\.metadata\.plugins\org.eclipse.swt\EBWebView\Default lastActive=2026-08-12T03:50:17.531Z
2026-08-12 04:25:44.511: [INFO] OnDoneLoading sync enabled: 0
2026-08-12 04:25:44.511: [INFO] BookmarkModelLoaded, ids_reassigned: 0
2026-08-12 04:25:44.511: [INFO] BookmarksLoadDropped droppedNodes=0
2026-08-12 04:25:44.512: [INFO] BookmarksSnapshot Startup total=0 bar=0 other=0 mobile=0 showBar=0 showBarNTP=1
2026-08-12 04:26:02.907: [INFO] BookmarksSnapshot Shutdown total=0 bar=0 other=0 mobile=0 showBar=0 showBarNTP=1
2026-08-12 04:26:15.074: [INFO] CurrentProfilePath: C:\Users\hp\Desktop\My Java Projects\.metadata\.plugins\org.eclipse.swt\EBWebView\Default
2026-08-12 04:26:15.074: [INFO] Profiles total count: 1
2026-08-12 04:26:15.075: [INFO] Profile: name=Profile 1 path=C:\Users\hp\Desktop\My Java Projects\.metadata\.plugins\org.eclipse.swt\EBWebView\Default lastActive=2026-08-12T03:50:17.531Z
2026-08-12 04:26:15.075: [INFO] LastUsedProfileDir: C:\Users\hp\Desktop\My Java Projects\.metadata\.plugins\org.eclipse.swt\EBWebView\Default
2026-08-12 04:26:15.075: [INFO] MostRecentlyActiveProfile: name=Profile 1 path=C:\Users\hp\Desktop\My Java Projects\.metadata\.plugins\org.eclipse.swt\EBWebView\Default lastActive=2026-08-12T03:50:17.531Z
2026-08-12 04:26:15.075: [INFO] OnDoneLoading sync enabled: 0
2026-08-12 04:26:15.075: [INFO] BookmarkModelLoaded, ids_reassigned: 0
2026-08-12 04:26:15.075: [INFO] BookmarksLoadDropped droppedNodes=0
2026-08-12 04:26:15.075: [INFO] BookmarksSnapshot Startup total=0 bar=0 other=0 mobile=0 showBar=0 showBarNTP=1
2026-08-12 04:53:17.531: [INFO] BookmarksSnapshot Shutdown total=0 bar=0 other=0 mobile=0 showBar=0 showBarNTP=1
2026-08-12 04:54:46.020: [INFO] CurrentProfilePath: C:\Users\hp\Desktop\My Java Projects\.metadata\.plugins\org.eclipse.swt\EBWebView\Default
2026-08-12 04:54:46.020: [INFO] Profiles total count: 1
2026-08-12 04:54:46.020: [INFO] Profile: name=Profile 1 path=C:\Users\hp\Desktop\My Java Projects\.metadata\.plugins\org.eclipse.swt\EBWebView\Default lastActive=2026-08-12T03:50:17.531Z
2026-08-12 04:54:46.020: [INFO] LastUsedProfileDir: C:\Users\hp\Desktop\My Java Projects\.metadata\.plugins\org.eclipse.swt\EBWebView\Default
2026-08-12 04:54:46.020: [INFO] MostRecentlyActiveProfile: name=Profile 1 path=C:\Users\hp\Desktop\My Java Projects\.metadata\.plugins\org.eclipse.swt\EBWebView\Default lastActive=2026-08-12T03:50:17.531Z
2026-08-12 04:54:46.020: [INFO] OnDoneLoading sync enabled: 0
2026-08-12 04:54:46.020: [INFO] BookmarkModelLoaded, ids_reassigned: 0
2026-08-12 04:54:46.020: [INFO] BookmarksLoadDropped droppedNodes=0
2026-08-12 04:54:46.020: [INFO] BookmarksSnapshot Startup total=0 bar=0 other=0 mobile=0 showBar=0 showBarNTP=1
2026-08-12 04:55:52.391: [INFO] BookmarksSnapshot Shutdown total=0 bar=0 other=0 mobile=0 showBar=0 showBarNTP=1
2026-08-12 04:56:13.073: [INFO] CurrentProfilePath: C:\Users\hp\Desktop\My Java Projects\.metadata\.plugins\org.eclipse.swt\EBWebView\Default
2026-08-12 04:56:13.073: [INFO] Profiles total count: 1
2026-08-12 04:56:13.074: [INFO] Profile: name=Profile 1 path=C:\Users\hp\Desktop\My Java Projects\.metadata\.plugins\org.eclipse.swt\EBWebView\Default lastActive=2026-08-12T03:50:17.531Z
2026-08-12 04:56:13.074: [INFO] LastUsedProfileDir: C:\Users\hp\Desktop\My Java Projects\.metadata\.plugins\org.eclipse.swt\EBWebView\Default
2026-08-12 04:56:13.074: [INFO] MostRecentlyActiveProfile: name=Profile 1 path=C:\Users\hp\Desktop\My Java Projects\.metadata\.plugins\org.eclipse.swt\EBWebView\Default lastActive=2026-08-12T03:50:17.531Z
2026-08-12 04:56:13.074: [INFO] OnDoneLoading sync enabled: 0
2026-08-12 04:56:13.074: [INFO] BookmarkModelLoaded, ids_reassigned: 0
2026-08-12 04:56:13.074: [INFO] BookmarksLoadDropped droppedNodes=0
2026-08-12 04:56:13.074: [INFO] BookmarksSnapshot Startup total=0 bar=0 other=0 mobile=0 showBar=0 showBarNTP=1
2026-08-12 05:07:40.334: [INFO] BookmarksSnapshot Shutdown total=0 bar=0 other=0 mobile=0 showBar=0 showBarNTP=1
2026-08-12 05:23:58.307: [INFO] CurrentProfilePath: C:\Users\hp\Desktop\My Java Projects\.metadata\.plugins\org.eclipse.swt\EBWebView\Default
2026-08-12 05:23:58.307: [INFO] Profiles total count: 1
2026-08-12 05:23:58.307: [INFO] Profile: name=Profile 1 path=C:\Users\hp\Desktop\My Java Projects\.metadata\.plugins\org.eclipse.swt\EBWebView\Default lastActive=2026-08-12T03:50:17.531Z
2026-08-12 05:23:58.307: [INFO] LastUsedProfileDir: C:\Users\hp\Desktop\My Java Projects\.metadata\.plugins\org.eclipse.swt\EBWebView\Default
2026-08-12 05:23:58.307: [INFO] MostRecentlyActiveProfile: name=Profile 1 path=C:\Users\hp\Desktop\My Java Projects\.metadata\.plugins\org.eclipse.swt\EBWebView\Default lastActive=2026-08-12T03:50:17.531Z
2026-08-12 05:23:58.307: [INFO] OnDoneLoading sync enabled: 0
2026-08-12 05:23:58.307: [INFO] BookmarkModelLoaded, ids_reassigned: 0
2026-08-12 05:23:58.307: [INFO] BookmarksLoadDropped droppedNodes=0
2026-08-12 05:23:58.307: [INFO] BookmarksSnapshot Startup total=0 bar=0 other=0 mobile=0 showBar=0 showBarNTP=1
2026-08-13 04:08:54.296: [INFO] BookmarksSnapshot Shutdown total=0 bar=0 other=0 mobile=0 showBar=0 showBarNTP=1
2026-08-13 04:09:51.432: [INFO] CurrentProfilePath: C:\Users\hp\Desktop\My Java Projects\.metadata\.plugins\org.eclipse.swt\EBWebView\Default
2026-08-13 04:09:51.432: [INFO] Profiles total count: 1
2026-08-13 04:09:51.433: [INFO] Profile: name=Profile 1 path=C:\Users\hp\Desktop\My Java Projects\.metadata\.plugins\org.eclipse.swt\EBWebView\Default lastActive=2026-08-12T03:50:17.531Z
2026-08-13 04:09:51.433: [INFO] LastUsedProfileDir: C:\Users\hp\Desktop\My Java Projects\.metadata\.plugins\org.eclipse.swt\EBWebView\Default
2026-08-13 04:09:51.433: [INFO] MostRecentlyActiveProfile: name=Profile 1 path=C:\Users\hp\Desktop\My Java Projects\.metadata\.plugins\org.eclipse.swt\EBWebView\Default lastActive=2026-08-12T03:50:17.531Z
2026-08-13 04:09:51.433: [INFO] OnDoneLoading sync enabled: 0
2026-08-13 04:09:51.433: [INFO] BookmarkModelLoaded, ids_reassigned: 0
2026-08-13 04:09:51.433: [INFO] BookmarksLoadDropped droppedNodes=0
2026-08-13 04:09:51.433: [INFO] BookmarksSnapshot Startup total=0 bar=0 other=0 mobile=0 showBar=0 showBarNTP=1
2026-08-13 04:22:02.456: [INFO] BookmarksSnapshot Shutdown total=0 bar=0 other=0 mobile=0 showBar=0 showBarNTP=1
2026-08-13 04:23:13.194: [INFO] CurrentProfilePath: C:\Users\hp\Desktop\My Java Projects\.metadata\.plugins\org.eclipse.swt\EBWebView\Default
2026-08-13 04:23:13.194: [INFO] Profiles total count: 1
2026-08-13 04:23:13.194: [INFO] Profile: name=Profile 1 path=C:\Users\hp\Desktop\My Java Projects\.metadata\.plugins\org.eclipse.swt\EBWebView\Default lastActive=2026-08-12T03:50:17.531Z
2026-08-13 04:23:13.194: [INFO] LastUsedProfileDir: C:\Users\hp\Desktop\My Java Projects\.metadata\.plugins\org.eclipse.swt\EBWebView\Default
2026-08-13 04:23:13.195: [INFO] MostRecentlyActiveProfile: name=Profile 1 path=C:\Users\hp\Desktop\My Java Projects\.metadata\.plugins\org.eclipse.swt\EBWebView\Default lastActive=2026-08-12T03:50:17.531Z
2026-08-13 04:23:13.195: [INFO] OnDoneLoading sync enabled: 0
2026-08-13 04:23:13.195: [INFO] BookmarkModelLoaded, ids_reassigned: 0
2026-08-13 04:23:13.195: [INFO] BookmarksLoadDropped droppedNodes=0
2026-08-13 04:23:13.195: [INFO] BookmarksSnapshot Startup total=0 bar=0 other=0 mobile=0 showBar=0 showBarNTP=1
2026-08-13 04:23:16.409: [INFO] BookmarksSnapshot Shutdown total=0 bar=0 other=0 mobile=0 showBar=0 showBarNTP=1
2026-08-13 04:23:21.686: [INFO] CurrentProfilePath: C:\Users\hp\Desktop\My Java Projects\.metadata\.plugins\org.eclipse.swt\EBWebView\Default
2026-08-13 04:23:21.686: [INFO] Profiles total count: 1
2026-08-13 04:23:21.686: [INFO] Profile: name=Profile 1 path=C:\Users\hp\Desktop\My Java Projects\.metadata\.plugins\org.eclipse.swt\EBWebView\Default lastActive=2026-08-12T03:50:17.531Z
2026-08-13 04:23:21.686: [INFO] LastUsedProfileDir: C:\Users\hp\Desktop\My Java Projects\.metadata\.plugins\org.eclipse.swt\EBWebView\Default
2026-08-13 04:23:21.687: [INFO] MostRecentlyActiveProfile: name=Profile 1 path=C:\Users\hp\Desktop\My Java Projects\.metadata\.plugins\org.eclipse.swt\EBWebView\Default lastActive=2026-08-12T03:50:17.531Z
2026-08-13 04:23:21.687: [INFO] OnDoneLoading sync enabled: 0
2026-08-13 04:23:21.687: [INFO] BookmarkModelLoaded, ids_reassigned: 0
2026-08-13 04:23:21.687: [INFO] BookmarksLoadDropped droppedNodes=0
2026-08-13 04:23:21.687: [INFO] BookmarksSnapshot Startup total=0 bar=0 other=0 mobile=0 showBar=0 showBarNTP=1
2026-08-13 04:23:29.035: [INFO] BookmarksSnapshot Shutdown total=0 bar=0 other=0 mobile=0 showBar=0 showBarNTP=1
2026-08-13 04:24:20.571: [INFO] CurrentProfilePath: C:\Users\hp\Desktop\My Java Projects\.metadata\.plugins\org.eclipse.swt\EBWebView\Default
2026-08-13 04:24:20.571: [INFO] Profiles total count: 1
2026-08-13 04:24:20.571: [INFO] Profile: name=Profile 1 path=C:\Users\hp\Desktop\My Java Projects\.metadata\.plugins\org.eclipse.swt\EBWebView\Default lastActive=2026-08-12T03:50:17.531Z
2026-08-13 04:24:20.571: [INFO] LastUsedProfileDir: C:\Users\hp\Desktop\My Java Projects\.metadata\.plugins\org.eclipse.swt\EBWebView\Default
2026-08-13 04:24:20.571: [INFO] MostRecentlyActiveProfile: name=Profile 1 path=C:\Users\hp\Desktop\My Java Projects\.metadata\.plugins\org.eclipse.swt\EBWebView\Default lastActive=2026-08-12T03:50:17.531Z
2026-08-13 04:24:20.571: [INFO] OnDoneLoading sync enabled: 0
2026-08-13 04:24:20.571: [INFO] BookmarkModelLoaded, ids_reassigned: 0
2026-08-13 04:24:20.572: [INFO] BookmarksLoadDropped droppedNodes=0
2026-08-13 04:24:20.572: [INFO] BookmarksSnapshot Startup total=0 bar=0 other=0 mobile=0 showBar=0 showBarNTP=1
2026-08-13 04:25:21.556: [INFO] BookmarksSnapshot Shutdown total=0 bar=0 other=0 mobile=0 showBar=0 showBarNTP=1
2026-08-13 04:26:04.664: [INFO] CurrentProfilePath: C:\Users\hp\Desktop\My Java Projects\.metadata\.plugins\org.eclipse.swt\EBWebView\Default
2026-08-13 04:26:04.664: [INFO] Profiles total count: 1
2026-08-13 04:26:04.664: [INFO] Profile: name=Profile 1 path=C:\Users\hp\Desktop\My Java Projects\.metadata\.plugins\org.eclipse.swt\EBWebView\Default lastActive=2026-08-12T03:50:17.531Z
2026-08-13 04:26:04.664: [INFO] LastUsedProfileDir: C:\Users\hp\Desktop\My Java Projects\.metadata\.plugins\org.eclipse.swt\EBWebView\Default
2026-08-13 04:26:04.664: [INFO] MostRecentlyActiveProfile: name=Profile 1 path=C:\Users\hp\Desktop\My Java Projects\.metadata\.plugins\org.eclipse.swt\EBWebView\Default lastActive=2026-08-12T03:50:17.531Z
2026-08-13 04:26:04.664: [INFO] OnDoneLoading sync enabled: 0
2026-08-13 04:26:04.664: [INFO] BookmarkModelLoaded, ids_reassigned: 0
2026-08-13 04:26:04.664: [INFO] BookmarksLoadDropped droppedNodes=0
2026-08-13 04:26:04.664: [INFO] BookmarksSnapshot Startup total=0 bar=0 other=0 mobile=0 showBar=0 showBarNTP=1
2026-08-13 04:27:49.899: [INFO] BookmarksSnapshot Shutdown total=0 bar=0 other=0 mobile=0 showBar=0 showBarNTP=1
2026-08-13 04:35:53.453: [INFO] CurrentProfilePath: C:\Users\hp\Desktop\My Java Projects\.metadata\.plugins\org.eclipse.swt\EBWebView\Default
2026-08-13 04:35:53.453: [INFO] Profiles total count: 1
2026-08-13 04:35:53.454: [INFO] Profile: name=Profile 1 path=C:\Users\hp\Desktop\My Java Projects\.metadata\.plugins\org.eclipse.swt\EBWebView\Default lastActive=2026-08-12T03:50:17.531Z
2026-08-13 04:35:53.454: [INFO] LastUsedProfileDir: C:\Users\hp\Desktop\My Java Projects\.metadata\.plugins\org.eclipse.swt\EBWebView\Default
2026-08-13 04:35:53.454: [INFO] MostRecentlyActiveProfile: name=Profile 1 path=C:\Users\hp\Desktop\My Java Projects\.metadata\.plugins\org.eclipse.swt\EBWebView\Default lastActive=2026-08-12T03:50:17.531Z
2026-08-13 04:35:53.454: [INFO] OnDoneLoading sync enabled: 0
2026-08-13 04:35:53.454: [INFO] BookmarkModelLoaded, ids_reassigned: 0
2026-08-13 04:35:53.454: [INFO] BookmarksLoadDropped droppedNodes=0
2026-08-13 04:35:53.454: [INFO] BookmarksSnapshot Startup total=0 bar=0 other=0 mobile=0 showBar=0 showBarNTP=1
2026-08-13 04:35:58.591: [INFO] BookmarksSnapshot Shutdown total=0 bar=0 other=0 mobile=0 showBar=0 showBarNTP=1
2026-08-13 04:37:44.397: [INFO] CurrentProfilePath: C:\Users\hp\Desktop\My Java Projects\.metadata\.plugins\org.eclipse.swt\EBWebView\Default
2026-08-13 04:37:44.397: [INFO] Profiles total count: 1
2026-08-13 04:37:44.398: [INFO] Profile: name=Profile 1 path=C:\Users\hp\Desktop\My Java Projects\.metadata\.plugins\org.eclipse.swt\EBWebView\Default lastActive=2026-08-12T03:50:17.531Z
2026-08-13 04:37:44.398: [INFO] LastUsedProfileDir: C:\Users\hp\Desktop\My Java Projects\.metadata\.plugins\org.eclipse.swt\EBWebView\Default
2026-08-13 04:37:44.398: [INFO] MostRecentlyActiveProfile: name=Profile 1 path=C:\Users\hp\Desktop\My Java Projects\.metadata\.plugins\org.eclipse.swt\EBWebView\Default lastActive=2026-08-12T03:50:17.531Z
2026-08-13 04:37:44.398: [INFO] OnDoneLoading sync enabled: 0
2026-08-13 04:37:44.398: [INFO] BookmarkModelLoaded, ids_reassigned: 0
2026-08-13 04:37:44.398: [INFO] BookmarksLoadDropped droppedNodes=0
2026-08-13 04:37:44.398: [INFO] BookmarksSnapshot Startup total=0 bar=0 other=0 mobile=0 showBar=0 showBarNTP=1
2026-08-13 05:13:07.411: [INFO] BookmarksSnapshot Shutdown total=0 bar=0 other=0 mobile=0 showBar=0 showBarNTP=1
2026-08-13 05:17:45.603: [INFO] CurrentProfilePath: C:\Users\hp\Desktop\My Java Projects\.metadata\.plugins\org.eclipse.swt\EBWebView\Default
2026-08-13 05:17:45.603: [INFO] Profiles total count: 1
2026-08-13 05:17:45.603: [INFO] Profile: name=Profile 1 path=C:\Users\hp\Desktop\My Java Projects\.metadata\.plugins\org.eclipse.swt\EBWebView\Default lastActive=2026-08-12T03:50:17.531Z
2026-08-13 05:17:45.603: [INFO] LastUsedProfileDir: C:\Users\hp\Desktop\My Java Projects\.metadata\.plugins\org.eclipse.swt\EBWebView\Default
2026-08-13 05:17:45.603: [INFO] MostRecentlyActiveProfile: name=Profile 1 path=C:\Users\hp\Desktop\My Java Projects\.metadata\.plugins\org.eclipse.swt\EBWebView\Default lastActive=2026-08-12T03:50:17.531Z
2026-08-13 05:17:45.603: [INFO] OnDoneLoading sync enabled: 0
2026-08-13 05:17:45.603: [INFO] BookmarkModelLoaded, ids_reassigned: 0
2026-08-13 05:17:45.603: [INFO] BookmarksLoadDropped droppedNodes=0
2026-08-13 05:17:45.603: [INFO] BookmarksSnapshot Startup total=0 bar=0 other=0 mobile=0 showBar=0 showBarNTP=1
2026-08-13 05:17:46.071: [INFO] BookmarksSnapshot Shutdown total=0 bar=0 other=0 mobile=0 showBar=0 showBarNTP=1
2026-08-13 05:18:24.143: [INFO] CurrentProfilePath: C:\Users\hp\Desktop\My Java Projects\.metadata\.plugins\org.eclipse.swt\EBWebView\Default
2026-08-13 05:18:24.143: [INFO] Profiles total count: 1
2026-08-13 05:18:24.144: [INFO] Profile: name=Profile 1 path=C:\Users\hp\Desktop\My Java Projects\.metadata\.plugins\org.eclipse.swt\EBWebView\Default lastActive=2026-08-12T03:50:17.531Z
2026-08-13 05:18:24.144: [INFO] LastUsedProfileDir: C:\Users\hp\Desktop\My Java Projects\.metadata\.plugins\org.eclipse.swt\EBWebView\Default
2026-08-13 05:18:24.144: [INFO] MostRecentlyActiveProfile: name=Profile 1 path=C:\Users\hp\Desktop\My Java Projects\.metadata\.plugins\org.eclipse.swt\EBWebView\Default lastActive=2026-08-12T03:50:17.531Z
2026-08-13 05:18:24.144: [INFO] OnDoneLoading sync enabled: 0
2026-08-13 05:18:24.144: [INFO] BookmarkModelLoaded, ids_reassigned: 0
2026-08-13 05:18:24.144: [INFO] BookmarksLoadDropped droppedNodes=0
2026-08-13 05:18:24.144: [INFO] BookmarksSnapshot Startup total=0 bar=0 other=0 mobile=0 showBar=0 showBarNTP=1
2026-08-13 05:18:53.867: [INFO] BookmarksSnapshot Shutdown total=0 bar=0 other=0 mobile=0 showBar=0 showBarNTP=1
2026-08-13 05:19:10.276: [INFO] CurrentProfilePath: C:\Users\hp\Desktop\My Java Projects\.metadata\.plugins\org.eclipse.swt\EBWebView\Default
2026-08-13 05:19:10.276: [INFO] Profiles total count: 1
2026-08-13 05:19:10.276: [INFO] Profile: name=Profile 1 path=C:\Users\hp\Desktop\My Java Projects\.metadata\.plugins\org.eclipse.swt\EBWebView\Default lastActive=2026-08-12T03:50:17.531Z
2026-08-13 05:19:10.276: [INFO] LastUsedProfileDir: C:\Users\hp\Desktop\My Java Projects\.metadata\.plugins\org.eclipse.swt\EBWebView\Default
2026-08-13 05:19:10.276: [INFO] MostRecentlyActiveProfile: name=Profile 1 path=C:\Users\hp\Desktop\My Java Projects\.metadata\.plugins\org.eclipse.swt\EBWebView\Default lastActive=2026-08-12T03:50:17.531Z
2026-08-13 05:19:10.276: [INFO] OnDoneLoading sync enabled: 0
2026-08-13 05:19:10.276: [INFO] BookmarkModelLoaded, ids_reassigned: 0
2026-08-13 05:19:10.276: [INFO] BookmarksLoadDropped droppedNodes=0
2026-08-13 05:19:10.276: [INFO] BookmarksSnapshot Startup total=0 bar=0 other=0 mobile=0 showBar=0 showBarNTP=1
2026-08-13 05:21:16.589: [INFO] BookmarksSnapshot Shutdown total=0 bar=0 other=0 mobile=0 showBar=0 showBarNTP=1
2026-08-14 03:57:46.292: [INFO] CurrentProfilePath: C:\Users\hp\Desktop\My Java Projects\.metadata\.plugins\org.eclipse.swt\EBWebView\Default
2026-08-14 03:57:46.292: [INFO] Profiles total count: 1
2026-08-14 03:57:46.292: [INFO] Profile: name=Profile 1 path=C:\Users\hp\Desktop\My Java Projects\.metadata\.plugins\org.eclipse.swt\EBWebView\Default lastActive=2026-08-12T03:50:17.531Z
2026-08-14 03:57:46.292: [INFO] LastUsedProfileDir: C:\Users\hp\Desktop\My Java Projects\.metadata\.plugins\org.eclipse.swt\EBWebView\Default
2026-08-14 03:57:46.293: [INFO] MostRecentlyActiveProfile: name=Profile 1 path=C:\Users\hp\Desktop\My Java Projects\.metadata\.plugins\org.eclipse.swt\EBWebView\Default lastActive=2026-08-12T03:50:17.531Z
2026-08-14 03:57:46.293: [INFO] OnDoneLoading sync enabled: 0
2026-08-14 03:57:46.293: [INFO] BookmarkModelLoaded, ids_reassigned: 0
2026-08-14 03:57:46.293: [INFO] BookmarksLoadDropped droppedNodes=0
2026-08-14 03:57:46.293: [INFO] BookmarksSnapshot Startup total=0 bar=0 other=0 mobile=0 showBar=0 showBarNTP=1
2026-08-14 04:01:16.890: [INFO] BookmarksSnapshot Shutdown total=0 bar=0 other=0 mobile=0 showBar=0 showBarNTP=1
2026-08-14 04:05:36.950: [INFO] CurrentProfilePath: C:\Users\hp\Desktop\My Java Projects\.metadata\.plugins\org.eclipse.swt\EBWebView\Default
2026-08-14 04:05:36.950: [INFO] Profiles total count: 1
2026-08-14 04:05:36.951: [INFO] Profile: name=Profile 1 path=C:\Users\hp\Desktop\My Java Projects\.metadata\.plugins\org.eclipse.swt\EBWebView\Default lastActive=2026-08-12T03:50:17.531Z
2026-08-14 04:05:36.951: [INFO] LastUsedProfileDir: C:\Users\hp\Desktop\My Java Projects\.metadata\.plugins\org.eclipse.swt\EBWebView\Default
2026-08-14 04:05:36.951: [INFO] MostRecentlyActiveProfile: name=Profile 1 path=C:\Users\hp\Desktop\My Java Projects\.metadata\.plugins\org.eclipse.swt\EBWebView\Default lastActive=2026-08-12T03:50:17.531Z
2026-08-14 04:05:36.951: [INFO] OnDoneLoading sync enabled: 0
2026-08-14 04:05:36.951: [INFO] BookmarkModelLoaded, ids_reassigned: 0
2026-08-14 04:05:36.951: [INFO] BookmarksLoadDropped droppedNodes=0
2026-08-14 04:05:36.951: [INFO] BookmarksSnapshot Startup total=0 bar=0 other=0 mobile=0 showBar=0 showBarNTP=1
2026-08-14 04:07:54.941: [INFO] BookmarksSnapshot Shutdown total=0 bar=0 other=0 mobile=0 showBar=0 showBarNTP=1
2026-08-14 04:08:03.177: [INFO] CurrentProfilePath: C:\Users\hp\Desktop\My Java Projects\.metadata\.plugins\org.eclipse.swt\EBWebView\Default
2026-08-14 04:08:03.177: [INFO] Profiles total count: 1
2026-08-14 04:08:03.177: [INFO] Profile: name=Profile 1 path=C:\Users\hp\Desktop\My Java Projects\.metadata\.plugins\org.eclipse.swt\EBWebView\Default lastActive=2026-08-12T03:50:17.531Z
2026-08-14 04:08:03.177: [INFO] LastUsedProfileDir: C:\Users\hp\Desktop\My Java Projects\.metadata\.plugins\org.eclipse.swt\EBWebView\Default
2026-08-14 04:08:03.177: [INFO] MostRecentlyActiveProfile: name=Profile 1 path=C:\Users\hp\Desktop\My Java Projects\.metadata\.plugins\org.eclipse.swt\EBWebView\Default lastActive=2026-08-12T03:50:17.531Z
2026-08-14 04:08:03.177: [INFO] OnDoneLoading sync enabled: 0
2026-08-14 04:08:03.177: [INFO] BookmarkModelLoaded, ids_reassigned: 0
2026-08-14 04:08:03.177: [INFO] BookmarksLoadDropped droppedNodes=0
2026-08-14 04:08:03.177: [INFO] BookmarksSnapshot Startup total=0 bar=0 other=0 mobile=0 showBar=0 showBarNTP=1
2026-08-14 04:08:13.925: [INFO] BookmarksSnapshot Shutdown total=0 bar=0 other=0 mobile=0 showBar=0 showBarNTP=1
2026-08-14 04:17:10.088: [INFO] CurrentProfilePath: C:\Users\hp\Desktop\My Java Projects\.metadata\.plugins\org.eclipse.swt\EBWebView\Default
2026-08-14 04:17:10.088: [INFO] Profiles total count: 1
2026-08-14 04:17:10.088: [INFO] Profile: name=Profile 1 path=C:\Users\hp\Desktop\My Java Projects\.metadata\.plugins\org.eclipse.swt\EBWebView\Default lastActive=2026-08-12T03:50:17.531Z
2026-08-14 04:17:10.088: [INFO] LastUsedProfileDir: C:\Users\hp\Desktop\My Java Projects\.metadata\.plugins\org.eclipse.swt\EBWebView\Default
2026-08-14 04:17:10.089: [INFO] MostRecentlyActiveProfile: name=Profile 1 path=C:\Users\hp\Desktop\My Java Projects\.metadata\.plugins\org.eclipse.swt\EBWebView\Default lastActive=2026-08-12T03:50:17.531Z
2026-08-14 04:17:10.089: [INFO] OnDoneLoading sync enabled: 0
2026-08-14 04:17:10.089: [INFO] BookmarkModelLoaded, ids_reassigned: 0
2026-08-14 04:17:10.089: [INFO] BookmarksLoadDropped droppedNodes=0
2026-08-14 04:17:10.089: [INFO] BookmarksSnapshot Startup total=0 bar=0 other=0 mobile=0 showBar=0 showBarNTP=1
2026-08-14 04:37:58.195: [INFO] BookmarksSnapshot Shutdown total=0 bar=0 other=0 mobile=0 showBar=0 showBarNTP=1
2026-08-14 04:41:02.149: [INFO] CurrentProfilePath: C:\Users\hp\Desktop\My Java Projects\.metadata\.plugins\org.eclipse.swt\EBWebView\Default
2026-08-14 04:41:02.149: [INFO] Profiles total count: 1
2026-08-14 04:41:02.150: [INFO] Profile: name=Profile 1 path=C:\Users\hp\Desktop\My Java Projects\.metadata\.plugins\org.eclipse.swt\EBWebView\Default lastActive=2026-08-12T03:50:17.531Z
2026-08-14 04:41:02.150: [INFO] LastUsedProfileDir: C:\Users\hp\Desktop\My Java Projects\.metadata\.plugins\org.eclipse.swt\EBWebView\Default
2026-08-14 04:41:02.150: [INFO] MostRecentlyActiveProfile: name=Profile 1 path=C:\Users\hp\Desktop\My Java Projects\.metadata\.plugins\org.eclipse.swt\EBWebView\Default lastActive=2026-08-12T03:50:17.531Z
2026-08-14 04:41:02.150: [INFO] OnDoneLoading sync enabled: 0
2026-08-14 04:41:02.150: [INFO] BookmarkModelLoaded, ids_reassigned: 0
2026-08-14 04:41:02.150: [INFO] BookmarksLoadDropped droppedNodes=0
2026-08-14 04:41:02.150: [INFO] BookmarksSnapshot Startup total=0 bar=0 other=0 mobile=0 showBar=0 showBarNTP=1
2026-08-14 04:42:52.191: [INFO] BookmarksSnapshot Shutdown total=0 bar=0 other=0 mobile=0 showBar=0 showBarNTP=1
2026-08-14 04:44:37.679: [INFO] CurrentProfilePath: C:\Users\hp\Desktop\My Java Projects\.metadata\.plugins\org.eclipse.swt\EBWebView\Default
2026-08-14 04:44:37.679: [INFO] Profiles total count: 1
2026-08-14 04:44:37.679: [INFO] Profile: name=Profile 1 path=C:\Users\hp\Desktop\My Java Projects\.metadata\.plugins\org.eclipse.swt\EBWebView\Default lastActive=2026-08-12T03:50:17.531Z
2026-08-14 04:44:37.679: [INFO] LastUsedProfileDir: C:\Users\hp\Desktop\My Java Projects\.metadata\.plugins\org.eclipse.swt\EBWebView\Default
2026-08-14 04:44:37.679: [INFO] MostRecentlyActiveProfile: name=Profile 1 path=C:\Users\hp\Desktop\My Java Projects\.metadata\.plugins\org.eclipse.swt\EBWebView\Default lastActive=2026-08-12T03:50:17.531Z
2026-08-14 04:44:37.679: [INFO] OnDoneLoading sync enabled: 0
2026-08-14 04:44:37.679: [INFO] BookmarkModelLoaded, ids_reassigned: 0
2026-08-14 04:44:37.679: [INFO] BookmarksLoadDropped droppedNodes=0
2026-08-14 04:44:37.679: [INFO] BookmarksSnapshot Startup total=0 bar=0 other=0 mobile=0 showBar=0 showBarNTP=1
2026-08-14 04:44:50.927: [INFO] BookmarksSnapshot Shutdown total=0 bar=0 other=0 mobile=0 showBar=0 showBarNTP=1
2026-08-14 04:46:15.431: [INFO] CurrentProfilePath: C:\Users\hp\Desktop\My Java Projects\.metadata\.plugins\org.eclipse.swt\EBWebView\Default
2026-08-14 04:46:15.431: [INFO] Profiles total count: 1
2026-08-14 04:46:15.431: [INFO] Profile: name=Profile 1 path=C:\Users\hp\Desktop\My Java Projects\.metadata\.plugins\org.eclipse.swt\EBWebView\Default lastActive=2026-08-12T03:50:17.531Z
2026-08-14 04:46:15.431: [INFO] LastUsedProfileDir: C:\Users\hp\Desktop\My Java Projects\.metadata\.plugins\org.eclipse.swt\EBWebView\Default
2026-08-14 04:46:15.431: [INFO] MostRecentlyActiveProfile: name=Profile 1 path=C:\Users\hp\Desktop\My Java Projects\.metadata\.plugins\org.eclipse.swt\EBWebView\Default lastActive=2026-08-12T03:50:17.531Z
2026-08-14 04:46:15.431: [INFO] OnDoneLoading sync enabled: 0
2026-08-14 04:46:15.431: [INFO] BookmarkModelLoaded, ids_reassigned: 0
2026-08-14 04:46:15.431: [INFO] BookmarksLoadDropped droppedNodes=0
2026-08-14 04:46:15.431: [INFO] BookmarksSnapshot Startup total=0 bar=0 other=0 mobile=0 showBar=0 showBarNTP=1
2026-08-17 04:43:30.589: [INFO] BookmarksSnapshot Shutdown total=0 bar=0 other=0 mobile=0 showBar=0 showBarNTP=1
2026-08-17 05:10:19.559: [INFO] CurrentProfilePath: C:\Users\hp\Desktop\My Java Projects\.metadata\.plugins\org.eclipse.swt\EBWebView\Default
2026-08-17 05:10:19.559: [INFO] Profiles total count: 1
2026-08-17 05:10:19.560: [INFO] Profile: name=Profile 1 path=C:\Users\hp\Desktop\My Java Projects\.metadata\.plugins\org.eclipse.swt\EBWebView\Default lastActive=2026-08-12T03:50:17.531Z
2026-08-17 05:10:19.560: [INFO] LastUsedProfileDir: C:\Users\hp\Desktop\My Java Projects\.metadata\.plugins\org.eclipse.swt\EBWebView\Default
2026-08-17 05:10:19.560: [INFO] MostRecentlyActiveProfile: name=Profile 1 path=C:\Users\hp\Desktop\My Java Projects\.metadata\.plugins\org.eclipse.swt\EBWebView\Default lastActive=2026-08-12T03:50:17.531Z
2026-08-17 05:10:19.560: [INFO] OnDoneLoading sync enabled: 0
2026-08-17 05:10:19.560: [INFO] BookmarkModelLoaded, ids_reassigned: 0
2026-08-17 05:10:19.560: [INFO] BookmarksLoadDropped droppedNodes=0
2026-08-17 05:10:19.560: [INFO] BookmarksSnapshot Startup total=0 bar=0 other=0 mobile=0 showBar=0 showBarNTP=1
2026-08-19 03:51:30.545: [INFO] CurrentProfilePath: C:\Users\hp\Desktop\My Java Projects\.metadata\.plugins\org.eclipse.swt\EBWebView\Default
2026-08-19 03:51:30.545: [INFO] Profiles total count: 1
2026-08-19 03:51:30.547: [INFO] Profile: name=Profile 1 path=C:\Users\hp\Desktop\My Java Projects\.metadata\.plugins\org.eclipse.swt\EBWebView\Default lastActive=2026-08-12T03:50:17.531Z
2026-08-19 03:51:30.547: [INFO] LastUsedProfileDir: C:\Users\hp\Desktop\My Java Projects\.metadata\.plugins\org.eclipse.swt\EBWebView\Default
2026-08-19 03:51:30.548: [INFO] MostRecentlyActiveProfile: name=Profile 1 path=C:\Users\hp\Desktop\My Java Projects\.metadata\.plugins\org.eclipse.swt\EBWebView\Default lastActive=2026-08-12T03:50:17.531Z
2026-08-19 03:51:30.548: [INFO] OnDoneLoading sync enabled: 0
2026-08-19 03:51:30.548: [INFO] BookmarkModelLoaded, ids_reassigned: 0
2026-08-19 03:51:30.548: [INFO] BookmarksLoadDropped droppedNodes=0
2026-08-19 03:51:30.548: [INFO] BookmarksSnapshot Startup total=0 bar=0 other=0 mobile=0 showBar=0 showBarNTP=1
2026-08-19 03:57:19.589: [INFO] BookmarksSnapshot Shutdown total=0 bar=0 other=0 mobile=0 showBar=0 showBarNTP=1
2026-08-19 04:14:45.784: [INFO] CurrentProfilePath: C:\Users\hp\Desktop\My Java Projects\.metadata\.plugins\org.eclipse.swt\EBWebView\Default
2026-08-19 04:14:45.784: [INFO] Profiles total count: 1
2026-08-19 04:14:45.784: [INFO] Profile: name=Profile 1 path=C:\Users\hp\Desktop\My Java Projects\.metadata\.plugins\org.eclipse.swt\EBWebView\Default lastActive=2026-08-19T03:57:18.569Z
2026-08-19 04:14:45.784: [INFO] LastUsedProfileDir: C:\Users\hp\Desktop\My Java Projects\.metadata\.plugins\org.eclipse.swt\EBWebView\Default
2026-08-19 04:14:45.784: [INFO] MostRecentlyActiveProfile: name=Profile 1 path=C:\Users\hp\Desktop\My Java Projects\.metadata\.plugins\org.eclipse.swt\EBWebView\Default lastActive=2026-08-19T03:57:18.569Z
2026-08-19 04:14:45.784: [INFO] OnDoneLoading sync enabled: 0
2026-08-19 04:14:45.784: [INFO] BookmarkModelLoaded, ids_reassigned: 0
2026-08-19 04:14:45.784: [INFO] BookmarksLoadDropped droppedNodes=0
2026-08-19 04:14:45.784: [INFO] BookmarksSnapshot Startup total=0 bar=0 other=0 mobile=0 showBar=0 showBarNTP=1
2026-08-19 04:17:10.425: [INFO] BookmarksSnapshot Shutdown total=0 bar=0 other=0 mobile=0 showBar=0 showBarNTP=1
2026-08-19 04:18:13.291: [INFO] CurrentProfilePath: C:\Users\hp\Desktop\My Java Projects\.metadata\.plugins\org.eclipse.swt\EBWebView\Default
2026-08-19 04:18:13.291: [INFO] Profiles total count: 1
2026-08-19 04:18:13.292: [INFO] Profile: name=Profile 1 path=C:\Users\hp\Desktop\My Java Projects\.metadata\.plugins\org.eclipse.swt\EBWebView\Default lastActive=2026-08-19T03:57:18.569Z
2026-08-19 04:18:13.292: [INFO] LastUsedProfileDir: C:\Users\hp\Desktop\My Java Projects\.metadata\.plugins\org.eclipse.swt\EBWebView\Default
2026-08-19 04:18:13.292: [INFO] MostRecentlyActiveProfile: name=Profile 1 path=C:\Users\hp\Desktop\My Java Projects\.metadata\.plugins\org.eclipse.swt\EBWebView\Default lastActive=2026-08-19T03:57:18.569Z
2026-08-19 04:18:13.292: [INFO] OnDoneLoading sync enabled: 0
2026-08-19 04:18:13.292: [INFO] BookmarkModelLoaded, ids_reassigned: 0
2026-08-19 04:18:13.292: [INFO] BookmarksLoadDropped droppedNodes=0
2026-08-19 04:18:13.292: [INFO] BookmarksSnapshot Startup total=0 bar=0 other=0 mobile=0 showBar=0 showBarNTP=1
2026-08-19 04:18:32.371: [INFO] BookmarksSnapshot Shutdown total=0 bar=0 other=0 mobile=0 showBar=0 showBarNTP=1
2026-08-19 04:19:00.178: [INFO] CurrentProfilePath: C:\Users\hp\Desktop\My Java Projects\.metadata\.plugins\org.eclipse.swt\EBWebView\Default
2026-08-19 04:19:00.178: [INFO] Profiles total count: 1
2026-08-19 04:19:00.178: [INFO] Profile: name=Profile 1 path=C:\Users\hp\Desktop\My Java Projects\.metadata\.plugins\org.eclipse.swt\EBWebView\Default lastActive=2026-08-19T03:57:18.569Z
2026-08-19 04:19:00.178: [INFO] LastUsedProfileDir: C:\Users\hp\Desktop\My Java Projects\.metadata\.plugins\org.eclipse.swt\EBWebView\Default
2026-08-19 04:19:00.179: [INFO] MostRecentlyActiveProfile: name=Profile 1 path=C:\Users\hp\Desktop\My Java Projects\.metadata\.plugins\org.eclipse.swt\EBWebView\Default lastActive=2026-08-19T03:57:18.569Z
2026-08-19 04:19:00.179: [INFO] OnDoneLoading sync enabled: 0
2026-08-19 04:19:00.179: [INFO] BookmarkModelLoaded, ids_reassigned: 0
2026-08-19 04:19:00.179: [INFO] BookmarksLoadDropped droppedNodes=0
2026-08-19 04:19:00.179: [INFO] BookmarksSnapshot Startup total=0 bar=0 other=0 mobile=0 showBar=0 showBarNTP=1
2026-08-19 04:19:47.044: [INFO] BookmarksSnapshot Shutdown total=0 bar=0 other=0 mobile=0 showBar=0 showBarNTP=1
2026-08-19 04:20:01.686: [INFO] CurrentProfilePath: C:\Users\hp\Desktop\My Java Projects\.metadata\.plugins\org.eclipse.swt\EBWebView\Default
2026-08-19 04:20:01.686: [INFO] Profiles total count: 1
2026-08-19 04:20:01.686: [INFO] Profile: name=Profile 1 path=C:\Users\hp\Desktop\My Java Projects\.metadata\.plugins\org.eclipse.swt\EBWebView\Default lastActive=2026-08-19T03:57:18.569Z
2026-08-19 04:20:01.686: [INFO] LastUsedProfileDir: C:\Users\hp\Desktop\My Java Projects\.metadata\.plugins\org.eclipse.swt\EBWebView\Default
2026-08-19 04:20:01.686: [INFO] MostRecentlyActiveProfile: name=Profile 1 path=C:\Users\hp\Desktop\My Java Projects\.metadata\.plugins\org.eclipse.swt\EBWebView\Default lastActive=2026-08-19T03:57:18.569Z
2026-08-19 04:20:01.687: [INFO] OnDoneLoading sync enabled: 0
2026-08-19 04:20:01.687: [INFO] BookmarkModelLoaded, ids_reassigned: 0
2026-08-19 04:20:01.687: [INFO] BookmarksLoadDropped droppedNodes=0
2026-08-19 04:20:01.687: [INFO] BookmarksSnapshot Startup total=0 bar=0 other=0 mobile=0 showBar=0 showBarNTP=1
2026-08-19 04:20:44.807: [INFO] BookmarksSnapshot Shutdown total=0 bar=0 other=0 mobile=0 showBar=0 showBarNTP=1
2026-08-19 04:21:04.500: [INFO] CurrentProfilePath: C:\Users\hp\Desktop\My Java Projects\.metadata\.plugins\org.eclipse.swt\EBWebView\Default
2026-08-19 04:21:04.500: [INFO] Profiles total count: 1
2026-08-19 04:21:04.501: [INFO] Profile: name=Profile 1 path=C:\Users\hp\Desktop\My Java Projects\.metadata\.plugins\org.eclipse.swt\EBWebView\Default lastActive=2026-08-19T03:57:18.569Z
2026-08-19 04:21:04.501: [INFO] LastUsedProfileDir: C:\Users\hp\Desktop\My Java Projects\.metadata\.plugins\org.eclipse.swt\EBWebView\Default
2026-08-19 04:21:04.501: [INFO] MostRecentlyActiveProfile: name=Profile 1 path=C:\Users\hp\Desktop\My Java Projects\.metadata\.plugins\org.eclipse.swt\EBWebView\Default lastActive=2026-08-19T03:57:18.569Z
2026-08-19 04:21:04.501: [INFO] OnDoneLoading sync enabled: 0
2026-08-19 04:21:04.501: [INFO] BookmarkModelLoaded, ids_reassigned: 0
2026-08-19 04:21:04.501: [INFO] BookmarksLoadDropped droppedNodes=0
2026-08-19 04:21:04.501: [INFO] BookmarksSnapshot Startup total=0 bar=0 other=0 mobile=0 showBar=0 showBarNTP=1
2026-08-20 03:45:03.245: [INFO] BookmarksSnapshot Shutdown total=0 bar=0 other=0 mobile=0 showBar=0 showBarNTP=1
2026-08-20 03:46:02.641: [INFO] CurrentProfilePath: C:\Users\hp\Desktop\My Java Projects\.metadata\.plugins\org.eclipse.swt\EBWebView\Default
2026-08-20 03:46:02.641: [INFO] Profiles total count: 1
2026-08-20 03:46:02.644: [INFO] Profile: name=Profile 1 path=C:\Users\hp\Desktop\My Java Projects\.metadata\.plugins\org.eclipse.swt\EBWebView\Default lastActive=2026-08-19T03:57:18.569Z
2026-08-20 03:46:02.644: [INFO] LastUsedProfileDir: C:\Users\hp\Desktop\My Java Projects\.metadata\.plugins\org.eclipse.swt\EBWebView\Default
2026-08-20 03:46:02.645: [INFO] MostRecentlyActiveProfile: name=Profile 1 path=C:\Users\hp\Desktop\My Java Projects\.metadata\.plugins\org.eclipse.swt\EBWebView\Default lastActive=2026-08-19T03:57:18.569Z
2026-08-20 03:46:02.645: [INFO] OnDoneLoading sync enabled: 0
2026-08-20 03:46:02.645: [INFO] BookmarkModelLoaded, ids_reassigned: 0
2026-08-20 03:46:02.645: [INFO] BookmarksLoadDropped droppedNodes=0
2026-08-20 03:46:02.645: [INFO] BookmarksSnapshot Startup total=0 bar=0 other=0 mobile=0 showBar=0 showBarNTP=1
2026-08-20 04:56:39.778: [INFO] BookmarksSnapshot Shutdown total=0 bar=0 other=0 mobile=0 showBar=0 showBarNTP=1
2026-08-20 04:58:29.524: [INFO] CurrentProfilePath: C:\Users\hp\Desktop\My Java Projects\.metadata\.plugins\org.eclipse.swt\EBWebView\Default
2026-08-20 04:58:29.524: [INFO] Profiles total count: 1
2026-08-20 04:58:29.524: [INFO] Profile: name=Profile 1 path=C:\Users\hp\Desktop\My Java Projects\.metadata\.plugins\org.eclipse.swt\EBWebView\Default lastActive=2026-08-19T03:57:18.569Z
2026-08-20 04:58:29.524: [INFO] LastUsedProfileDir: C:\Users\hp\Desktop\My Java Projects\.metadata\.plugins\org.eclipse.swt\EBWebView\Default
2026-08-20 04:58:29.524: [INFO] MostRecentlyActiveProfile: name=Profile 1 path=C:\Users\hp\Desktop\My Java Projects\.metadata\.plugins\org.eclipse.swt\EBWebView\Default lastActive=2026-08-19T03:57:18.569Z
2026-08-20 04:58:29.524: [INFO] OnDoneLoading sync enabled: 0
2026-08-20 04:58:29.524: [INFO] BookmarkModelLoaded, ids_reassigned: 0
2026-08-20 04:58:29.524: [INFO] BookmarksLoadDropped droppedNodes=0
2026-08-20 04:58:29.524: [INFO] BookmarksSnapshot Startup total=0 bar=0 other=0 mobile=0 showBar=0 showBarNTP=1
2026-08-20 05:01:29.288: [INFO] BookmarksSnapshot Shutdown total=0 bar=0 other=0 mobile=0 showBar=0 showBarNTP=1
2026-08-20 05:01:32.492: [INFO] CurrentProfilePath: C:\Users\hp\Desktop\My Java Projects\.metadata\.plugins\org.eclipse.swt\EBWebView\Default
2026-08-20 05:01:32.492: [INFO] Profiles total count: 1
2026-08-20 05:01:32.493: [INFO] Profile: name=Profile 1 path=C:\Users\hp\Desktop\My Java Projects\.metadata\.plugins\org.eclipse.swt\EBWebView\Default lastActive=2026-08-19T03:57:18.569Z
2026-08-20 05:01:32.493: [INFO] LastUsedProfileDir: C:\Users\hp\Desktop\My Java Projects\.metadata\.plugins\org.eclipse.swt\EBWebView\Default
2026-08-20 05:01:32.493: [INFO] MostRecentlyActiveProfile: name=Profile 1 path=C:\Users\hp\Desktop\My Java Projects\.metadata\.plugins\org.eclipse.swt\EBWebView\Default lastActive=2026-08-19T03:57:18.569Z
2026-08-20 05:01:32.493: [INFO] OnDoneLoading sync enabled: 0
2026-08-20 05:01:32.493: [INFO] BookmarkModelLoaded, ids_reassigned: 0
2026-08-20 05:01:32.493: [INFO] BookmarksLoadDropped droppedNodes=0
2026-08-20 05:01:32.493: [INFO] BookmarksSnapshot Startup total=0 bar=0 other=0 mobile=0 showBar=0 showBarNTP=1
2026-08-20 05:01:39.930: [INFO] BookmarksSnapshot Shutdown total=0 bar=0 other=0 mobile=0 showBar=0 showBarNTP=1
2026-08-20 05:02:33.317: [INFO] CurrentProfilePath: C:\Users\hp\Desktop\My Java Projects\.metadata\.plugins\org.eclipse.swt\EBWebView\Default
2026-08-20 05:02:33.317: [INFO] Profiles total count: 1
2026-08-20 05:02:33.317: [INFO] Profile: name=Profile 1 path=C:\Users\hp\Desktop\My Java Projects\.metadata\.plugins\org.eclipse.swt\EBWebView\Default lastActive=2026-08-19T03:57:18.569Z
2026-08-20 05:02:33.317: [INFO] LastUsedProfileDir: C:\Users\hp\Desktop\My Java Projects\.metadata\.plugins\org.eclipse.swt\EBWebView\Default
2026-08-20 05:02:33.317: [INFO] MostRecentlyActiveProfile: name=Profile 1 path=C:\Users\hp\Desktop\My Java Projects\.metadata\.plugins\org.eclipse.swt\EBWebView\Default lastActive=2026-08-19T03:57:18.569Z
2026-08-20 05:02:33.317: [INFO] OnDoneLoading sync enabled: 0
2026-08-20 05:02:33.317: [INFO] BookmarkModelLoaded, ids_reassigned: 0
2026-08-20 05:02:33.317: [INFO] BookmarksLoadDropped droppedNodes=0
2026-08-20 05:02:33.317: [INFO] BookmarksSnapshot Startup total=0 bar=0 other=0 mobile=0 showBar=0 showBarNTP=1
2026-08-20 05:02:37.323: [INFO] BookmarksSnapshot Shutdown total=0 bar=0 other=0 mobile=0 showBar=0 showBarNTP=1
2026-08-20 05:21:34.238: [INFO] CurrentProfilePath: C:\Users\hp\Desktop\My Java Projects\.metadata\.plugins\org.eclipse.swt\EBWebView\Default
2026-08-20 05:21:34.238: [INFO] Profiles total count: 1
2026-08-20 05:21:34.239: [INFO] Profile: name=Profile 1 path=C:\Users\hp\Desktop\My Java Projects\.metadata\.plugins\org.eclipse.swt\EBWebView\Default lastActive=2026-08-19T03:57:18.569Z
2026-08-20 05:21:34.239: [INFO] LastUsedProfileDir: C:\Users\hp\Desktop\My Java Projects\.metadata\.plugins\org.eclipse.swt\EBWebView\Default
2026-08-20 05:21:34.239: [INFO] MostRecentlyActiveProfile: name=Profile 1 path=C:\Users\hp\Desktop\My Java Projects\.metadata\.plugins\org.eclipse.swt\EBWebView\Default lastActive=2026-08-19T03:57:18.569Z
2026-08-20 05:21:34.239: [INFO] OnDoneLoading sync enabled: 0
2026-08-20 05:21:34.239: [INFO] BookmarkModelLoaded, ids_reassigned: 0
2026-08-20 05:21:34.239: [INFO] BookmarksLoadDropped droppedNodes=0
2026-08-20 05:21:34.239: [INFO] BookmarksSnapshot Startup total=0 bar=0 other=0 mobile=0 showBar=0 showBarNTP=1
2026-08-20 05:21:34.682: [INFO] BookmarksSnapshot Shutdown total=0 bar=0 other=0 mobile=0 showBar=0 showBarNTP=1
2026-08-20 05:24:33.354: [INFO] CurrentProfilePath: C:\Users\hp\Desktop\My Java Projects\.metadata\.plugins\org.eclipse.swt\EBWebView\Default
2026-08-20 05:24:33.354: [INFO] Profiles total count: 1
2026-08-20 05:24:33.355: [INFO] Profile: name=Profile 1 path=C:\Users\hp\Desktop\My Java Projects\.metadata\.plugins\org.eclipse.swt\EBWebView\Default lastActive=2026-08-19T03:57:18.569Z
2026-08-20 05:24:33.355: [INFO] LastUsedProfileDir: C:\Users\hp\Desktop\My Java Projects\.metadata\.plugins\org.eclipse.swt\EBWebView\Default
2026-08-20 05:24:33.355: [INFO] MostRecentlyActiveProfile: name=Profile 1 path=C:\Users\hp\Desktop\My Java Projects\.metadata\.plugins\org.eclipse.swt\EBWebView\Default lastActive=2026-08-19T03:57:18.569Z
2026-08-20 05:24:33.355: [INFO] OnDoneLoading sync enabled: 0
2026-08-20 05:24:33.355: [INFO] BookmarkModelLoaded, ids_reassigned: 0
2026-08-20 05:24:33.355: [INFO] BookmarksLoadDropped droppedNodes=0
2026-08-20 05:24:33.355: [INFO] BookmarksSnapshot Startup total=0 bar=0 other=0 mobile=0 showBar=0 showBarNTP=1
2026-08-21 03:55:38.326: [INFO] BookmarksSnapshot Shutdown total=0 bar=0 other=0 mobile=0 showBar=0 showBarNTP=1
2026-08-21 03:58:32.194: [INFO] CurrentProfilePath: C:\Users\hp\Desktop\My Java Projects\.metadata\.plugins\org.eclipse.swt\EBWebView\Default
2026-08-21 03:58:32.194: [INFO] Profiles total count: 1
2026-08-21 03:58:32.194: [INFO] Profile: name=Profile 1 path=C:\Users\hp\Desktop\My Java Projects\.metadata\.plugins\org.eclipse.swt\EBWebView\Default lastActive=2026-08-19T03:57:18.569Z
2026-08-21 03:58:32.194: [INFO] LastUsedProfileDir: C:\Users\hp\Desktop\My Java Projects\.metadata\.plugins\org.eclipse.swt\EBWebView\Default
2026-08-21 03:58:32.194: [INFO] MostRecentlyActiveProfile: name=Profile 1 path=C:\Users\hp\Desktop\My Java Projects\.metadata\.plugins\org.eclipse.swt\EBWebView\Default lastActive=2026-08-19T03:57:18.569Z
2026-08-21 03:58:32.194: [INFO] OnDoneLoading sync enabled: 0
2026-08-21 03:58:32.194: [INFO] BookmarkModelLoaded, ids_reassigned: 0
2026-08-21 03:58:32.194: [INFO] BookmarksLoadDropped droppedNodes=0
2026-08-21 03:58:32.194: [INFO] BookmarksSnapshot Startup total=0 bar=0 other=0 mobile=0 showBar=0 showBarNTP=1
2026-08-21 03:59:08.721: [INFO] BookmarksSnapshot Shutdown total=0 bar=0 other=0 mobile=0 showBar=0 showBarNTP=1
2026-08-21 04:00:19.074: [INFO] CurrentProfilePath: C:\Users\hp\Desktop\My Java Projects\.metadata\.plugins\org.eclipse.swt\EBWebView\Default
2026-08-21 04:00:19.074: [INFO] Profiles total count: 1
2026-08-21 04:00:19.075: [INFO] Profile: name=Profile 1 path=C:\Users\hp\Desktop\My Java Projects\.metadata\.plugins\org.eclipse.swt\EBWebView\Default lastActive=2026-08-19T03:57:18.569Z
2026-08-21 04:00:19.075: [INFO] LastUsedProfileDir: C:\Users\hp\Desktop\My Java Projects\.metadata\.plugins\org.eclipse.swt\EBWebView\Default
2026-08-21 04:00:19.075: [INFO] MostRecentlyActiveProfile: name=Profile 1 path=C:\Users\hp\Desktop\My Java Projects\.metadata\.plugins\org.eclipse.swt\EBWebView\Default lastActive=2026-08-19T03:57:18.569Z
2026-08-21 04:00:19.075: [INFO] OnDoneLoading sync enabled: 0
2026-08-21 04:00:19.075: [INFO] BookmarkModelLoaded, ids_reassigned: 0
2026-08-21 04:00:19.075: [INFO] BookmarksLoadDropped droppedNodes=0
2026-08-21 04:00:19.075: [INFO] BookmarksSnapshot Startup total=0 bar=0 other=0 mobile=0 showBar=0 showBarNTP=1
2026-08-21 04:00:19.549: [INFO] BookmarksSnapshot Shutdown total=0 bar=0 other=0 mobile=0 showBar=0 showBarNTP=1
2026-08-21 04:00:42.213: [INFO] CurrentProfilePath: C:\Users\hp\Desktop\My Java Projects\.metadata\.plugins\org.eclipse.swt\EBWebView\Default
2026-08-21 04:00:42.213: [INFO] Profiles total count: 1
2026-08-21 04:00:42.214: [INFO] Profile: name=Profile 1 path=C:\Users\hp\Desktop\My Java Projects\.metadata\.plugins\org.eclipse.swt\EBWebView\Default lastActive=2026-08-19T03:57:18.569Z
2026-08-21 04:00:42.214: [INFO] LastUsedProfileDir: C:\Users\hp\Desktop\My Java Projects\.metadata\.plugins\org.eclipse.swt\EBWebView\Default
2026-08-21 04:00:42.214: [INFO] MostRecentlyActiveProfile: name=Profile 1 path=C:\Users\hp\Desktop\My Java Projects\.metadata\.plugins\org.eclipse.swt\EBWebView\Default lastActive=2026-08-19T03:57:18.569Z
2026-08-21 04:00:42.214: [INFO] OnDoneLoading sync enabled: 0
2026-08-21 04:00:42.214: [INFO] BookmarkModelLoaded, ids_reassigned: 0
2026-08-21 04:00:42.214: [INFO] BookmarksLoadDropped droppedNodes=0
2026-08-21 04:00:42.214: [INFO] BookmarksSnapshot Startup total=0 bar=0 other=0 mobile=0 showBar=0 showBarNTP=1
2026-08-21 05:16:16.085: [INFO] BookmarksSnapshot Shutdown total=0 bar=0 other=0 mobile=0 showBar=0 showBarNTP=1
2026-08-21 05:18:23.571: [INFO] CurrentProfilePath: C:\Users\hp\Desktop\My Java Projects\.metadata\.plugins\org.eclipse.swt\EBWebView\Default
2026-08-21 05:18:23.571: [INFO] Profiles total count: 1
2026-08-21 05:18:23.572: [INFO] Profile: name=Profile 1 path=C:\Users\hp\Desktop\My Java Projects\.metadata\.plugins\org.eclipse.swt\EBWebView\Default lastActive=2026-08-19T03:57:18.569Z
2026-08-21 05:18:23.572: [INFO] LastUsedProfileDir: C:\Users\hp\Desktop\My Java Projects\.metadata\.plugins\org.eclipse.swt\EBWebView\Default
2026-08-21 05:18:23.572: [INFO] MostRecentlyActiveProfile: name=Profile 1 path=C:\Users\hp\Desktop\My Java Projects\.metadata\.plugins\org.eclipse.swt\EBWebView\Default lastActive=2026-08-19T03:57:18.569Z
2026-08-21 05:18:23.572: [INFO] OnDoneLoading sync enabled: 0
2026-08-21 05:18:23.572: [INFO] BookmarkModelLoaded, ids_reassigned: 0
2026-08-21 05:18:23.572: [INFO] BookmarksLoadDropped droppedNodes=0
2026-08-21 05:18:23.572: [INFO] BookmarksSnapshot Startup total=0 bar=0 other=0 mobile=0 showBar=0 showBarNTP=1
2026-08-21 12:30:07.397: [INFO] BookmarksSnapshot Shutdown total=0 bar=0 other=0 mobile=0 showBar=0 showBarNTP=1
2026-08-24 03:54:06.514: [INFO] CurrentProfilePath: C:\Users\hp\Desktop\My Java Projects\.metadata\.plugins\org.eclipse.swt\EBWebView\Default
2026-08-24 03:54:06.514: [INFO] Profiles total count: 1
2026-08-24 03:54:06.514: [INFO] Profile: name=Profile 1 path=C:\Users\hp\Desktop\My Java Projects\.metadata\.plugins\org.eclipse.swt\EBWebView\Default lastActive=2026-08-19T03:57:18.569Z
2026-08-24 03:54:06.514: [INFO] LastUsedProfileDir: C:\Users\hp\Desktop\My Java Projects\.metadata\.plugins\org.eclipse.swt\EBWebView\Default
2026-08-24 03:54:06.514: [INFO] MostRecentlyActiveProfile: name=Profile 1 path=C:\Users\hp\Desktop\My Java Projects\.metadata\.plugins\org.eclipse.swt\EBWebView\Default lastActive=2026-08-19T03:57:18.569Z
2026-08-24 03:54:06.515: [INFO] OnDoneLoading sync enabled: 0
2026-08-24 03:54:06.515: [INFO] BookmarkModelLoaded, ids_reassigned: 0
2026-08-24 03:54:06.515: [INFO] BookmarksLoadDropped droppedNodes=0
2026-08-24 03:54:06.515: [INFO] BookmarksSnapshot Startup total=0 bar=0 other=0 mobile=0 showBar=0 showBarNTP=1
2026-08-24 03:54:36.544: [INFO] BookmarksSnapshot Shutdown total=0 bar=0 other=0 mobile=0 showBar=0 showBarNTP=1
2026-08-24 04:01:29.076: [INFO] CurrentProfilePath: C:\Users\hp\Desktop\My Java Projects\.metadata\.plugins\org.eclipse.swt\EBWebView\Default
2026-08-24 04:01:29.076: [INFO] Profiles total count: 1
2026-08-24 04:01:29.077: [INFO] Profile: name=Profile 1 path=C:\Users\hp\Desktop\My Java Projects\.metadata\.plugins\org.eclipse.swt\EBWebView\Default lastActive=2026-08-24T03:54:35.716Z
2026-08-24 04:01:29.077: [INFO] LastUsedProfileDir: C:\Users\hp\Desktop\My Java Projects\.metadata\.plugins\org.eclipse.swt\EBWebView\Default
2026-08-24 04:01:29.077: [INFO] MostRecentlyActiveProfile: name=Profile 1 path=C:\Users\hp\Desktop\My Java Projects\.metadata\.plugins\org.eclipse.swt\EBWebView\Default lastActive=2026-08-24T03:54:35.716Z
2026-08-24 04:01:29.077: [INFO] OnDoneLoading sync enabled: 0
2026-08-24 04:01:29.077: [INFO] BookmarkModelLoaded, ids_reassigned: 0
2026-08-24 04:01:29.077: [INFO] BookmarksLoadDropped droppedNodes=0
2026-08-24 04:01:29.077: [INFO] BookmarksSnapshot Startup total=0 bar=0 other=0 mobile=0 showBar=0 showBarNTP=1
2026-08-24 04:01:30.014: [INFO] BookmarksSnapshot Shutdown total=0 bar=0 other=0 mobile=0 showBar=0 showBarNTP=1
2026-08-24 04:06:41.969: [INFO] CurrentProfilePath: C:\Users\hp\Desktop\My Java Projects\.metadata\.plugins\org.eclipse.swt\EBWebView\Default
2026-08-24 04:06:41.969: [INFO] Profiles total count: 1
2026-08-24 04:06:41.970: [INFO] Profile: name=Profile 1 path=C:\Users\hp\Desktop\My Java Projects\.metadata\.plugins\org.eclipse.swt\EBWebView\Default lastActive=2026-08-24T03:54:35.716Z
2026-08-24 04:06:41.970: [INFO] LastUsedProfileDir: C:\Users\hp\Desktop\My Java Projects\.metadata\.plugins\org.eclipse.swt\EBWebView\Default
2026-08-24 04:06:41.970: [INFO] MostRecentlyActiveProfile: name=Profile 1 path=C:\Users\hp\Desktop\My Java Projects\.metadata\.plugins\org.eclipse.swt\EBWebView\Default lastActive=2026-08-24T03:54:35.716Z
2026-08-24 04:06:41.970: [INFO] OnDoneLoading sync enabled: 0
2026-08-24 04:06:41.970: [INFO] BookmarkModelLoaded, ids_reassigned: 0
2026-08-24 04:06:41.970: [INFO] BookmarksLoadDropped droppedNodes=0
2026-08-24 04:06:41.970: [INFO] BookmarksSnapshot Startup total=0 bar=0 other=0 mobile=0 showBar=0 showBarNTP=1
2026-08-24 04:10:45.147: [INFO] BookmarksSnapshot Shutdown total=0 bar=0 other=0 mobile=0 showBar=0 showBarNTP=1
2026-08-24 04:11:24.449: [INFO] CurrentProfilePath: C:\Users\hp\Desktop\My Java Projects\.metadata\.plugins\org.eclipse.swt\EBWebView\Default
2026-08-24 04:11:24.449: [INFO] Profiles total count: 1
2026-08-24 04:11:24.449: [INFO] Profile: name=Profile 1 path=C:\Users\hp\Desktop\My Java Projects\.metadata\.plugins\org.eclipse.swt\EBWebView\Default lastActive=2026-08-24T03:54:35.716Z
2026-08-24 04:11:24.449: [INFO] LastUsedProfileDir: C:\Users\hp\Desktop\My Java Projects\.metadata\.plugins\org.eclipse.swt\EBWebView\Default
2026-08-24 04:11:24.449: [INFO] MostRecentlyActiveProfile: name=Profile 1 path=C:\Users\hp\Desktop\My Java Projects\.metadata\.plugins\org.eclipse.swt\EBWebView\Default lastActive=2026-08-24T03:54:35.716Z
2026-08-24 04:11:24.449: [INFO] OnDoneLoading sync enabled: 0
2026-08-24 04:11:24.449: [INFO] BookmarkModelLoaded, ids_reassigned: 0
2026-08-24 04:11:24.449: [INFO] BookmarksLoadDropped droppedNodes=0
2026-08-24 04:11:24.450: [INFO] BookmarksSnapshot Startup total=0 bar=0 other=0 mobile=0 showBar=0 showBarNTP=1
2026-08-24 04:25:03.193: [INFO] BookmarksSnapshot Shutdown total=0 bar=0 other=0 mobile=0 showBar=0 showBarNTP=1
2026-08-24 04:25:03.501: [INFO] CurrentProfilePath: C:\Users\hp\Desktop\My Java Projects\.metadata\.plugins\org.eclipse.swt\EBWebView\Default
2026-08-24 04:25:03.501: [INFO] Profiles total count: 1
2026-08-24 04:25:03.501: [INFO] Profile: name=Profile 1 path=C:\Users\hp\Desktop\My Java Projects\.metadata\.plugins\org.eclipse.swt\EBWebView\Default lastActive=2026-08-24T03:54:35.716Z
2026-08-24 04:25:03.501: [INFO] LastUsedProfileDir: C:\Users\hp\Desktop\My Java Projects\.metadata\.plugins\org.eclipse.swt\EBWebView\Default
2026-08-24 04:25:03.502: [INFO] MostRecentlyActiveProfile: name=Profile 1 path=C:\Users\hp\Desktop\My Java Projects\.metadata\.plugins\org.eclipse.swt\EBWebView\Default lastActive=2026-08-24T03:54:35.716Z
2026-08-24 04:25:03.502: [INFO] OnDoneLoading sync enabled: 0
2026-08-24 04:25:03.502: [INFO] BookmarkModelLoaded, ids_reassigned: 0
2026-08-24 04:25:03.502: [INFO] BookmarksLoadDropped droppedNodes=0
2026-08-24 04:25:03.502: [INFO] BookmarksSnapshot Startup total=0 bar=0 other=0 mobile=0 showBar=0 showBarNTP=1
2026-08-24 04:26:28.589: [INFO] BookmarksSnapshot Shutdown total=0 bar=0 other=0 mobile=0 showBar=0 showBarNTP=1
2026-08-24 04:26:28.820: [INFO] CurrentProfilePath: C:\Users\hp\Desktop\My Java Projects\.metadata\.plugins\org.eclipse.swt\EBWebView\Default
2026-08-24 04:26:28.820: [INFO] Profiles total count: 1
2026-08-24 04:26:28.820: [INFO] Profile: name=Profile 1 path=C:\Users\hp\Desktop\My Java Projects\.metadata\.plugins\org.eclipse.swt\EBWebView\Default lastActive=2026-08-24T03:54:35.716Z
2026-08-24 04:26:28.820: [INFO] LastUsedProfileDir: C:\Users\hp\Desktop\My Java Projects\.metadata\.plugins\org.eclipse.swt\EBWebView\Default
2026-08-24 04:26:28.821: [INFO] MostRecentlyActiveProfile: name=Profile 1 path=C:\Users\hp\Desktop\My Java Projects\.metadata\.plugins\org.eclipse.swt\EBWebView\Default lastActive=2026-08-24T03:54:35.716Z
2026-08-24 04:26:28.821: [INFO] OnDoneLoading sync enabled: 0
2026-08-24 04:26:28.821: [INFO] BookmarkModelLoaded, ids_reassigned: 0
2026-08-24 04:26:28.821: [INFO] BookmarksLoadDropped droppedNodes=0
2026-08-24 04:26:28.821: [INFO] BookmarksSnapshot Startup total=0 bar=0 other=0 mobile=0 showBar=0 showBarNTP=1
2026-08-25 03:59:13.907: [INFO] BookmarksSnapshot Shutdown total=0 bar=0 other=0 mobile=0 showBar=0 showBarNTP=1
2026-08-25 03:59:56.217: [INFO] CurrentProfilePath: C:\Users\hp\Desktop\My Java Projects\.metadata\.plugins\org.eclipse.swt\EBWebView\Default
2026-08-25 03:59:56.217: [INFO] Profiles total count: 1
2026-08-25 03:59:56.217: [INFO] Profile: name=Profile 1 path=C:\Users\hp\Desktop\My Java Projects\.metadata\.plugins\org.eclipse.swt\EBWebView\Default lastActive=2026-08-24T03:54:35.716Z
2026-08-25 03:59:56.217: [INFO] LastUsedProfileDir: C:\Users\hp\Desktop\My Java Projects\.metadata\.plugins\org.eclipse.swt\EBWebView\Default
2026-08-25 03:59:56.217: [INFO] MostRecentlyActiveProfile: name=Profile 1 path=C:\Users\hp\Desktop\My Java Projects\.metadata\.plugins\org.eclipse.swt\EBWebView\Default lastActive=2026-08-24T03:54:35.716Z
2026-08-25 03:59:56.217: [INFO] OnDoneLoading sync enabled: 0
2026-08-25 03:59:56.217: [INFO] BookmarkModelLoaded, ids_reassigned: 0
2026-08-25 03:59:56.217: [INFO] BookmarksLoadDropped droppedNodes=0
2026-08-25 03:59:56.217: [INFO] BookmarksSnapshot Startup total=0 bar=0 other=0 mobile=0 showBar=0 showBarNTP=1
2026-08-25 04:00:41.852: [INFO] BookmarksSnapshot Shutdown total=0 bar=0 other=0 mobile=0 showBar=0 showBarNTP=1
2026-08-25 04:00:58.921: [INFO] CurrentProfilePath: C:\Users\hp\Desktop\My Java Projects\.metadata\.plugins\org.eclipse.swt\EBWebView\Default
2026-08-25 04:00:58.921: [INFO] Profiles total count: 1
2026-08-25 04:00:58.922: [INFO] Profile: name=Profile 1 path=C:\Users\hp\Desktop\My Java Projects\.metadata\.plugins\org.eclipse.swt\EBWebView\Default lastActive=2026-08-24T03:54:35.716Z
2026-08-25 04:00:58.922: [INFO] LastUsedProfileDir: C:\Users\hp\Desktop\My Java Projects\.metadata\.plugins\org.eclipse.swt\EBWebView\Default
2026-08-25 04:00:58.922: [INFO] MostRecentlyActiveProfile: name=Profile 1 path=C:\Users\hp\Desktop\My Java Projects\.metadata\.plugins\org.eclipse.swt\EBWebView\Default lastActive=2026-08-24T03:54:35.716Z
2026-08-25 04:00:58.923: [INFO] OnDoneLoading sync enabled: 0
2026-08-25 04:00:58.923: [INFO] BookmarkModelLoaded, ids_reassigned: 0
2026-08-25 04:00:58.923: [INFO] BookmarksLoadDropped droppedNodes=0
2026-08-25 04:00:58.923: [INFO] BookmarksSnapshot Startup total=0 bar=0 other=0 mobile=0 showBar=0 showBarNTP=1
2026-08-25 04:03:46.833: [INFO] BookmarksSnapshot Shutdown total=0 bar=0 other=0 mobile=0 showBar=0 showBarNTP=1
2026-08-25 04:05:20.208: [INFO] CurrentProfilePath: C:\Users\hp\Desktop\My Java Projects\.metadata\.plugins\org.eclipse.swt\EBWebView\Default
2026-08-25 04:05:20.208: [INFO] Profiles total count: 1
2026-08-25 04:05:20.209: [INFO] Profile: name=Profile 1 path=C:\Users\hp\Desktop\My Java Projects\.metadata\.plugins\org.eclipse.swt\EBWebView\Default lastActive=2026-08-24T03:54:35.716Z
2026-08-25 04:05:20.209: [INFO] LastUsedProfileDir: C:\Users\hp\Desktop\My Java Projects\.metadata\.plugins\org.eclipse.swt\EBWebView\Default
2026-08-25 04:05:20.209: [INFO] MostRecentlyActiveProfile: name=Profile 1 path=C:\Users\hp\Desktop\My Java Projects\.metadata\.plugins\org.eclipse.swt\EBWebView\Default lastActive=2026-08-24T03:54:35.716Z
2026-08-25 04:05:20.209: [INFO] OnDoneLoading sync enabled: 0
2026-08-25 04:05:20.209: [INFO] BookmarkModelLoaded, ids_reassigned: 0
2026-08-25 04:05:20.209: [INFO] BookmarksLoadDropped droppedNodes=0
2026-08-25 04:05:20.209: [INFO] BookmarksSnapshot Startup total=0 bar=0 other=0 mobile=0 showBar=0 showBarNTP=1
2026-08-25 04:40:44.023: [INFO] BookmarksSnapshot Shutdown total=0 bar=0 other=0 mobile=0 showBar=0 showBarNTP=1
2026-08-25 04:47:34.886: [INFO] CurrentProfilePath: C:\Users\hp\Desktop\My Java Projects\.metadata\.plugins\org.eclipse.swt\EBWebView\Default
2026-08-25 04:47:34.886: [INFO] Profiles total count: 1
2026-08-25 04:47:34.887: [INFO] Profile: name=Profile 1 path=C:\Users\hp\Desktop\My Java Projects\.metadata\.plugins\org.eclipse.swt\EBWebView\Default lastActive=2026-08-25T04:08:02.958Z
2026-08-25 04:47:34.887: [INFO] LastUsedProfileDir: C:\Users\hp\Desktop\My Java Projects\.metadata\.plugins\org.eclipse.swt\EBWebView\Default
2026-08-25 04:47:34.887: [INFO] MostRecentlyActiveProfile: name=Profile 1 path=C:\Users\hp\Desktop\My Java Projects\.metadata\.plugins\org.eclipse.swt\EBWebView\Default lastActive=2026-08-25T04:08:02.958Z
2026-08-25 04:47:34.887: [INFO] OnDoneLoading sync enabled: 0
2026-08-25 04:47:34.887: [INFO] BookmarkModelLoaded, ids_reassigned: 0
2026-08-25 04:47:34.887: [INFO] BookmarksLoadDropped droppedNodes=0
2026-08-25 04:47:34.887: [INFO] BookmarksSnapshot Startup total=0 bar=0 other=0 mobile=0 showBar=0 showBarNTP=1
2026-08-25 04:51:17.652: [INFO] BookmarksSnapshot Shutdown total=0 bar=0 other=0 mobile=0 showBar=0 showBarNTP=1
2026-08-25 04:51:17.819: [INFO] CurrentProfilePath: C:\Users\hp\Desktop\My Java Projects\.metadata\.plugins\org.eclipse.swt\EBWebView\Default
2026-08-25 04:51:17.819: [INFO] Profiles total count: 1
2026-08-25 04:51:17.819: [INFO] Profile: name=Profile 1 path=C:\Users\hp\Desktop\My Java Projects\.metadata\.plugins\org.eclipse.swt\EBWebView\Default lastActive=2026-08-25T04:08:02.958Z
2026-08-25 04:51:17.819: [INFO] LastUsedProfileDir: C:\Users\hp\Desktop\My Java Projects\.metadata\.plugins\org.eclipse.swt\EBWebView\Default
2026-08-25 04:51:17.819: [INFO] MostRecentlyActiveProfile: name=Profile 1 path=C:\Users\hp\Desktop\My Java Projects\.metadata\.plugins\org.eclipse.swt\EBWebView\Default lastActive=2026-08-25T04:08:02.958Z
2026-08-25 04:51:17.819: [INFO] OnDoneLoading sync enabled: 0
2026-08-25 04:51:17.819: [INFO] BookmarkModelLoaded, ids_reassigned: 0
2026-08-25 04:51:17.819: [INFO] BookmarksLoadDropped droppedNodes=0
2026-08-25 04:51:17.819: [INFO] BookmarksSnapshot Startup total=0 bar=0 other=0 mobile=0 showBar=0 showBarNTP=1
2026-08-25 05:11:37.101: [INFO] BookmarksSnapshot Shutdown total=0 bar=0 other=0 mobile=0 showBar=0 showBarNTP=1
2026-08-25 05:11:37.256: [INFO] CurrentProfilePath: C:\Users\hp\Desktop\My Java Projects\.metadata\.plugins\org.eclipse.swt\EBWebView\Default
2026-08-25 05:11:37.256: [INFO] Profiles total count: 1
2026-08-25 05:11:37.256: [INFO] Profile: name=Profile 1 path=C:\Users\hp\Desktop\My Java Projects\.metadata\.plugins\org.eclipse.swt\EBWebView\Default lastActive=2026-08-25T04:08:02.958Z
2026-08-25 05:11:37.256: [INFO] LastUsedProfileDir: C:\Users\hp\Desktop\My Java Projects\.metadata\.plugins\org.eclipse.swt\EBWebView\Default
2026-08-25 05:11:37.256: [INFO] MostRecentlyActiveProfile: name=Profile 1 path=C:\Users\hp\Desktop\My Java Projects\.metadata\.plugins\org.eclipse.swt\EBWebView\Default lastActive=2026-08-25T04:08:02.958Z
2026-08-25 05:11:37.256: [INFO] OnDoneLoading sync enabled: 0
2026-08-25 05:11:37.256: [INFO] BookmarkModelLoaded, ids_reassigned: 0
2026-08-25 05:11:37.256: [INFO] BookmarksLoadDropped droppedNodes=0
2026-08-25 05:11:37.256: [INFO] BookmarksSnapshot Startup total=0 bar=0 other=0 mobile=0 showBar=0 showBarNTP=1
2026-08-25 05:14:02.454: [INFO] BookmarksSnapshot Shutdown total=0 bar=0 other=0 mobile=0 showBar=0 showBarNTP=1
2026-08-25 05:14:02.635: [INFO] CurrentProfilePath: C:\Users\hp\Desktop\My Java Projects\.metadata\.plugins\org.eclipse.swt\EBWebView\Default
2026-08-25 05:14:02.635: [INFO] Profiles total count: 1
2026-08-25 05:14:02.635: [INFO] Profile: name=Profile 1 path=C:\Users\hp\Desktop\My Java Projects\.metadata\.plugins\org.eclipse.swt\EBWebView\Default lastActive=2026-08-25T04:08:02.958Z
2026-08-25 05:14:02.635: [INFO] LastUsedProfileDir: C:\Users\hp\Desktop\My Java Projects\.metadata\.plugins\org.eclipse.swt\EBWebView\Default
2026-08-25 05:14:02.635: [INFO] MostRecentlyActiveProfile: name=Profile 1 path=C:\Users\hp\Desktop\My Java Projects\.metadata\.plugins\org.eclipse.swt\EBWebView\Default lastActive=2026-08-25T04:08:02.958Z
2026-08-25 05:14:02.635: [INFO] OnDoneLoading sync enabled: 0
2026-08-25 05:14:02.635: [INFO] BookmarkModelLoaded, ids_reassigned: 0
2026-08-25 05:14:02.635: [INFO] BookmarksLoadDropped droppedNodes=0
2026-08-25 05:14:02.636: [INFO] BookmarksSnapshot Startup total=0 bar=0 other=0 mobile=0 showBar=0 showBarNTP=1
2026-08-25 05:15:05.453: [INFO] BookmarksSnapshot Shutdown total=0 bar=0 other=0 mobile=0 showBar=0 showBarNTP=1
2026-08-25 05:16:56.566: [INFO] CurrentProfilePath: C:\Users\hp\Desktop\My Java Projects\.metadata\.plugins\org.eclipse.swt\EBWebView\Default
2026-08-25 05:16:56.566: [INFO] Profiles total count: 1
2026-08-25 05:16:56.566: [INFO] Profile: name=Profile 1 path=C:\Users\hp\Desktop\My Java Projects\.metadata\.plugins\org.eclipse.swt\EBWebView\Default lastActive=2026-08-25T04:08:02.958Z
2026-08-25 05:16:56.567: [INFO] LastUsedProfileDir: C:\Users\hp\Desktop\My Java Projects\.metadata\.plugins\org.eclipse.swt\EBWebView\Default
2026-08-25 05:16:56.567: [INFO] MostRecentlyActiveProfile: name=Profile 1 path=C:\Users\hp\Desktop\My Java Projects\.metadata\.plugins\org.eclipse.swt\EBWebView\Default lastActive=2026-08-25T04:08:02.958Z
2026-08-25 05:16:56.567: [INFO] OnDoneLoading sync enabled: 0
2026-08-25 05:16:56.567: [INFO] BookmarkModelLoaded, ids_reassigned: 0
2026-08-25 05:16:56.567: [INFO] BookmarksLoadDropped droppedNodes=0
2026-08-25 05:16:56.567: [INFO] BookmarksSnapshot Startup total=0 bar=0 other=0 mobile=0 showBar=0 showBarNTP=1
2026-08-25 05:27:03.049: [INFO] BookmarksSnapshot Shutdown total=0 bar=0 other=0 mobile=0 showBar=0 showBarNTP=1
2026-08-26 04:00:56.026: [INFO] CurrentProfilePath: C:\Users\hp\Desktop\My Java Projects\.metadata\.plugins\org.eclipse.swt\EBWebView\Default
2026-08-26 04:00:56.026: [INFO] Profiles total count: 1
2026-08-26 04:00:56.027: [INFO] Profile: name=Profile 1 path=C:\Users\hp\Desktop\My Java Projects\.metadata\.plugins\org.eclipse.swt\EBWebView\Default lastActive=2026-08-25T04:08:02.958Z
2026-08-26 04:00:56.027: [INFO] LastUsedProfileDir: C:\Users\hp\Desktop\My Java Projects\.metadata\.plugins\org.eclipse.swt\EBWebView\Default
2026-08-26 04:00:56.027: [INFO] MostRecentlyActiveProfile: name=Profile 1 path=C:\Users\hp\Desktop\My Java Projects\.metadata\.plugins\org.eclipse.swt\EBWebView\Default lastActive=2026-08-25T04:08:02.958Z
2026-08-26 04:00:56.027: [INFO] OnDoneLoading sync enabled: 0
2026-08-26 04:00:56.027: [INFO] BookmarkModelLoaded, ids_reassigned: 0
2026-08-26 04:00:56.027: [INFO] BookmarksLoadDropped droppedNodes=0
2026-08-26 04:00:56.027: [INFO] BookmarksSnapshot Startup total=0 bar=0 other=0 mobile=0 showBar=0 showBarNTP=1
2026-08-26 04:33:52.917: [INFO] BookmarksSnapshot Shutdown total=0 bar=0 other=0 mobile=0 showBar=0 showBarNTP=1
2026-08-26 04:38:22.381: [INFO] CurrentProfilePath: C:\Users\hp\Desktop\My Java Projects\.metadata\.plugins\org.eclipse.swt\EBWebView\Default
2026-08-26 04:38:22.381: [INFO] Profiles total count: 1
2026-08-26 04:38:22.382: [INFO] Profile: name=Profile 1 path=C:\Users\hp\Desktop\My Java Projects\.metadata\.plugins\org.eclipse.swt\EBWebView\Default lastActive=2026-08-25T04:08:02.958Z
2026-08-26 04:38:22.382: [INFO] LastUsedProfileDir: C:\Users\hp\Desktop\My Java Projects\.metadata\.plugins\org.eclipse.swt\EBWebView\Default
2026-08-26 04:38:22.382: [INFO] MostRecentlyActiveProfile: name=Profile 1 path=C:\Users\hp\Desktop\My Java Projects\.metadata\.plugins\org.eclipse.swt\EBWebView\Default lastActive=2026-08-25T04:08:02.958Z
2026-08-26 04:38:22.382: [INFO] OnDoneLoading sync enabled: 0
2026-08-26 04:38:22.382: [INFO] BookmarkModelLoaded, ids_reassigned: 0
2026-08-26 04:38:22.382: [INFO] BookmarksLoadDropped droppedNodes=0
2026-08-26 04:38:22.382: [INFO] BookmarksSnapshot Startup total=0 bar=0 other=0 mobile=0 showBar=0 showBarNTP=1
2026-08-26 05:00:08.984: [INFO] BookmarksSnapshot Shutdown total=0 bar=0 other=0 mobile=0 showBar=0 showBarNTP=1
2026-08-26 05:01:15.042: [INFO] CurrentProfilePath: C:\Users\hp\Desktop\My Java Projects\.metadata\.plugins\org.eclipse.swt\EBWebView\Default
2026-08-26 05:01:15.042: [INFO] Profiles total count: 1
2026-08-26 05:01:15.042: [INFO] Profile: name=Profile 1 path=C:\Users\hp\Desktop\My Java Projects\.metadata\.plugins\org.eclipse.swt\EBWebView\Default lastActive=2026-08-25T04:08:02.958Z
2026-08-26 05:01:15.042: [INFO] LastUsedProfileDir: C:\Users\hp\Desktop\My Java Projects\.metadata\.plugins\org.eclipse.swt\EBWebView\Default
2026-08-26 05:01:15.042: [INFO] MostRecentlyActiveProfile: name=Profile 1 path=C:\Users\hp\Desktop\My Java Projects\.metadata\.plugins\org.eclipse.swt\EBWebView\Default lastActive=2026-08-25T04:08:02.958Z
2026-08-26 05:01:15.042: [INFO] OnDoneLoading sync enabled: 0
2026-08-26 05:01:15.042: [INFO] BookmarkModelLoaded, ids_reassigned: 0
2026-08-26 05:01:15.042: [INFO] BookmarksLoadDropped droppedNodes=0
2026-08-26 05:01:15.042: [INFO] BookmarksSnapshot Startup total=0 bar=0 other=0 mobile=0 showBar=0 showBarNTP=1
2026-08-26 05:01:15.466: [INFO] BookmarksSnapshot Shutdown total=0 bar=0 other=0 mobile=0 showBar=0 showBarNTP=1
2026-08-26 05:03:23.904: [INFO] CurrentProfilePath: C:\Users\hp\Desktop\My Java Projects\.metadata\.plugins\org.eclipse.swt\EBWebView\Default
2026-08-26 05:03:23.904: [INFO] Profiles total count: 1
2026-08-26 05:03:23.904: [INFO] Profile: name=Profile 1 path=C:\Users\hp\Desktop\My Java Projects\.metadata\.plugins\org.eclipse.swt\EBWebView\Default lastActive=2026-08-25T04:08:02.958Z
2026-08-26 05:03:23.904: [INFO] LastUsedProfileDir: C:\Users\hp\Desktop\My Java Projects\.metadata\.plugins\org.eclipse.swt\EBWebView\Default
2026-08-26 05:03:23.904: [INFO] MostRecentlyActiveProfile: name=Profile 1 path=C:\Users\hp\Desktop\My Java Projects\.metadata\.plugins\org.eclipse.swt\EBWebView\Default lastActive=2026-08-25T04:08:02.958Z
2026-08-26 05:03:23.904: [INFO] OnDoneLoading sync enabled: 0
2026-08-26 05:03:23.904: [INFO] BookmarkModelLoaded, ids_reassigned: 0
2026-08-26 05:03:23.904: [INFO] BookmarksLoadDropped droppedNodes=0
2026-08-26 05:03:23.904: [INFO] BookmarksSnapshot Startup total=0 bar=0 other=0 mobile=0 showBar=0 showBarNTP=1
2026-08-26 05:03:53.622: [INFO] BookmarksSnapshot Shutdown total=0 bar=0 other=0 mobile=0 showBar=0 showBarNTP=1
2026-08-26 05:04:05.531: [INFO] CurrentProfilePath: C:\Users\hp\Desktop\My Java Projects\.metadata\.plugins\org.eclipse.swt\EBWebView\Default
2026-08-26 05:04:05.531: [INFO] Profiles total count: 1
2026-08-26 05:04:05.532: [INFO] Profile: name=Profile 1 path=C:\Users\hp\Desktop\My Java Projects\.metadata\.plugins\org.eclipse.swt\EBWebView\Default lastActive=2026-08-25T04:08:02.958Z
2026-08-26 05:04:05.532: [INFO] LastUsedProfileDir: C:\Users\hp\Desktop\My Java Projects\.metadata\.plugins\org.eclipse.swt\EBWebView\Default
2026-08-26 05:04:05.532: [INFO] MostRecentlyActiveProfile: name=Profile 1 path=C:\Users\hp\Desktop\My Java Projects\.metadata\.plugins\org.eclipse.swt\EBWebView\Default lastActive=2026-08-25T04:08:02.958Z
2026-08-26 05:04:05.532: [INFO] OnDoneLoading sync enabled: 0
2026-08-26 05:04:05.532: [INFO] BookmarkModelLoaded, ids_reassigned: 0
2026-08-26 05:04:05.532: [INFO] BookmarksLoadDropped droppedNodes=0
2026-08-26 05:04:05.532: [INFO] BookmarksSnapshot Startup total=0 bar=0 other=0 mobile=0 showBar=0 showBarNTP=1
2026-08-26 05:08:24.801: [INFO] BookmarksSnapshot Shutdown total=0 bar=0 other=0 mobile=0 showBar=0 showBarNTP=1
2026-08-26 05:08:25.066: [INFO] CurrentProfilePath: C:\Users\hp\Desktop\My Java Projects\.metadata\.plugins\org.eclipse.swt\EBWebView\Default
2026-08-26 05:08:25.066: [INFO] Profiles total count: 1
2026-08-26 05:08:25.066: [INFO] Profile: name=Profile 1 path=C:\Users\hp\Desktop\My Java Projects\.metadata\.plugins\org.eclipse.swt\EBWebView\Default lastActive=2026-08-25T04:08:02.958Z
2026-08-26 05:08:25.066: [INFO] LastUsedProfileDir: C:\Users\hp\Desktop\My Java Projects\.metadata\.plugins\org.eclipse.swt\EBWebView\Default
2026-08-26 05:08:25.067: [INFO] MostRecentlyActiveProfile: name=Profile 1 path=C:\Users\hp\Desktop\My Java Projects\.metadata\.plugins\org.eclipse.swt\EBWebView\Default lastActive=2026-08-25T04:08:02.958Z
2026-08-26 05:08:25.067: [INFO] OnDoneLoading sync enabled: 0
2026-08-26 05:08:25.067: [INFO] BookmarkModelLoaded, ids_reassigned: 0
2026-08-26 05:08:25.067: [INFO] BookmarksLoadDropped droppedNodes=0
2026-08-26 05:08:25.067: [INFO] BookmarksSnapshot Startup total=0 bar=0 other=0 mobile=0 showBar=0 showBarNTP=1
2026-08-26 05:14:57.185: [INFO] BookmarksSnapshot Shutdown total=0 bar=0 other=0 mobile=0 showBar=0 showBarNTP=1
2026-08-26 05:14:57.351: [INFO] CurrentProfilePath: C:\Users\hp\Desktop\My Java Projects\.metadata\.plugins\org.eclipse.swt\EBWebView\Default
2026-08-26 05:14:57.351: [INFO] Profiles total count: 1
2026-08-26 05:14:57.351: [INFO] Profile: name=Profile 1 path=C:\Users\hp\Desktop\My Java Projects\.metadata\.plugins\org.eclipse.swt\EBWebView\Default lastActive=2026-08-25T04:08:02.958Z
2026-08-26 05:14:57.352: [INFO] LastUsedProfileDir: C:\Users\hp\Desktop\My Java Projects\.metadata\.plugins\org.eclipse.swt\EBWebView\Default
2026-08-26 05:14:57.352: [INFO] MostRecentlyActiveProfile: name=Profile 1 path=C:\Users\hp\Desktop\My Java Projects\.metadata\.plugins\org.eclipse.swt\EBWebView\Default lastActive=2026-08-25T04:08:02.958Z
2026-08-26 05:14:57.352: [INFO] OnDoneLoading sync enabled: 0
2026-08-26 05:14:57.352: [INFO] BookmarkModelLoaded, ids_reassigned: 0
2026-08-26 05:14:57.352: [INFO] BookmarksLoadDropped droppedNodes=0
2026-08-26 05:14:57.352: [INFO] BookmarksSnapshot Startup total=0 bar=0 other=0 mobile=0 showBar=0 showBarNTP=1
2026-08-26 05:18:47.226: [INFO] BookmarksSnapshot Shutdown total=0 bar=0 other=0 mobile=0 showBar=0 showBarNTP=1
2026-08-26 05:19:25.528: [INFO] CurrentProfilePath: C:\Users\hp\Desktop\My Java Projects\.metadata\.plugins\org.eclipse.swt\EBWebView\Default
2026-08-26 05:19:25.528: [INFO] Profiles total count: 1
2026-08-26 05:19:25.528: [INFO] Profile: name=Profile 1 path=C:\Users\hp\Desktop\My Java Projects\.metadata\.plugins\org.eclipse.swt\EBWebView\Default lastActive=2026-08-25T04:08:02.958Z
2026-08-26 05:19:25.528: [INFO] LastUsedProfileDir: C:\Users\hp\Desktop\My Java Projects\.metadata\.plugins\org.eclipse.swt\EBWebView\Default
2026-08-26 05:19:25.528: [INFO] MostRecentlyActiveProfile: name=Profile 1 path=C:\Users\hp\Desktop\My Java Projects\.metadata\.plugins\org.eclipse.swt\EBWebView\Default lastActive=2026-08-25T04:08:02.958Z
2026-08-26 05:19:25.528: [INFO] OnDoneLoading sync enabled: 0
2026-08-26 05:19:25.528: [INFO] BookmarkModelLoaded, ids_reassigned: 0
2026-08-26 05:19:25.528: [INFO] BookmarksLoadDropped droppedNodes=0
2026-08-26 05:19:25.528: [INFO] BookmarksSnapshot Startup total=0 bar=0 other=0 mobile=0 showBar=0 showBarNTP=1
2026-08-26 05:52:03.052: [INFO] BookmarksSnapshot Shutdown total=0 bar=0 other=0 mobile=0 showBar=0 showBarNTP=1
2026-08-27 03:59:35.690: [INFO] CurrentProfilePath: C:\Users\hp\Desktop\My Java Projects\.metadata\.plugins\org.eclipse.swt\EBWebView\Default
2026-08-27 03:59:35.690: [INFO] Profiles total count: 1
2026-08-27 03:59:35.693: [INFO] Profile: name=Profile 1 path=C:\Users\hp\Desktop\My Java Projects\.metadata\.plugins\org.eclipse.swt\EBWebView\Default lastActive=2026-08-25T04:08:02.958Z
2026-08-27 03:59:35.693: [INFO] LastUsedProfileDir: C:\Users\hp\Desktop\My Java Projects\.metadata\.plugins\org.eclipse.swt\EBWebView\Default
2026-08-27 03:59:35.693: [INFO] MostRecentlyActiveProfile: name=Profile 1 path=C:\Users\hp\Desktop\My Java Projects\.metadata\.plugins\org.eclipse.swt\EBWebView\Default lastActive=2026-08-25T04:08:02.958Z
2026-08-27 03:59:35.693: [INFO] OnDoneLoading sync enabled: 0
2026-08-27 03:59:35.693: [INFO] BookmarkModelLoaded, ids_reassigned: 0
2026-08-27 03:59:35.693: [INFO] BookmarksLoadDropped droppedNodes=0
2026-08-27 03:59:35.693: [INFO] BookmarksSnapshot Startup total=0 bar=0 other=0 mobile=0 showBar=0 showBarNTP=1
2026-08-27 04:01:05.624: [INFO] BookmarksSnapshot Shutdown total=0 bar=0 other=0 mobile=0 showBar=0 showBarNTP=1
2026-08-27 04:01:08.812: [INFO] CurrentProfilePath: C:\Users\hp\Desktop\My Java Projects\.metadata\.plugins\org.eclipse.swt\EBWebView\Default
2026-08-27 04:01:08.812: [INFO] Profiles total count: 1
2026-08-27 04:01:08.813: [INFO] Profile: name=Profile 1 path=C:\Users\hp\Desktop\My Java Projects\.metadata\.plugins\org.eclipse.swt\EBWebView\Default lastActive=2026-08-25T04:08:02.958Z
2026-08-27 04:01:08.813: [INFO] LastUsedProfileDir: C:\Users\hp\Desktop\My Java Projects\.metadata\.plugins\org.eclipse.swt\EBWebView\Default
2026-08-27 04:01:08.813: [INFO] MostRecentlyActiveProfile: name=Profile 1 path=C:\Users\hp\Desktop\My Java Projects\.metadata\.plugins\org.eclipse.swt\EBWebView\Default lastActive=2026-08-25T04:08:02.958Z
2026-08-27 04:01:08.813: [INFO] OnDoneLoading sync enabled: 0
2026-08-27 04:01:08.813: [INFO] BookmarkModelLoaded, ids_reassigned: 0
2026-08-27 04:01:08.813: [INFO] BookmarksLoadDropped droppedNodes=0
2026-08-27 04:01:08.813: [INFO] BookmarksSnapshot Startup total=0 bar=0 other=0 mobile=0 showBar=0 showBarNTP=1
2026-08-27 05:15:52.758: [INFO] BookmarksSnapshot Shutdown total=0 bar=0 other=0 mobile=0 showBar=0 showBarNTP=1
2026-08-27 05:24:29.815: [INFO] CurrentProfilePath: C:\Users\hp\Desktop\My Java Projects\.metadata\.plugins\org.eclipse.swt\EBWebView\Default
2026-08-27 05:24:29.815: [INFO] Profiles total count: 1
2026-08-27 05:24:29.815: [INFO] Profile: name=Profile 1 path=C:\Users\hp\Desktop\My Java Projects\.metadata\.plugins\org.eclipse.swt\EBWebView\Default lastActive=2026-08-25T04:08:02.958Z
2026-08-27 05:24:29.815: [INFO] LastUsedProfileDir: C:\Users\hp\Desktop\My Java Projects\.metadata\.plugins\org.eclipse.swt\EBWebView\Default
2026-08-27 05:24:29.815: [INFO] MostRecentlyActiveProfile: name=Profile 1 path=C:\Users\hp\Desktop\My Java Projects\.metadata\.plugins\org.eclipse.swt\EBWebView\Default lastActive=2026-08-25T04:08:02.958Z
2026-08-27 05:24:29.815: [INFO] OnDoneLoading sync enabled: 0
2026-08-27 05:24:29.815: [INFO] BookmarkModelLoaded, ids_reassigned: 0
2026-08-27 05:24:29.815: [INFO] BookmarksLoadDropped droppedNodes=0
2026-08-27 05:24:29.815: [INFO] BookmarksSnapshot Startup total=0 bar=0 other=0 mobile=0 showBar=0 showBarNTP=1
2026-08-27 05:25:19.777: [INFO] BookmarksSnapshot Shutdown total=0 bar=0 other=0 mobile=0 showBar=0 showBarNTP=1
2026-08-27 05:29:21.484: [INFO] CurrentProfilePath: C:\Users\hp\Desktop\My Java Projects\.metadata\.plugins\org.eclipse.swt\EBWebView\Default
2026-08-27 05:29:21.484: [INFO] Profiles total count: 1
2026-08-27 05:29:21.485: [INFO] Profile: name=Profile 1 path=C:\Users\hp\Desktop\My Java Projects\.metadata\.plugins\org.eclipse.swt\EBWebView\Default lastActive=2026-08-25T04:08:02.958Z
2026-08-27 05:29:21.485: [INFO] LastUsedProfileDir: C:\Users\hp\Desktop\My Java Projects\.metadata\.plugins\org.eclipse.swt\EBWebView\Default
2026-08-27 05:29:21.485: [INFO] MostRecentlyActiveProfile: name=Profile 1 path=C:\Users\hp\Desktop\My Java Projects\.metadata\.plugins\org.eclipse.swt\EBWebView\Default lastActive=2026-08-25T04:08:02.958Z
2026-08-27 05:29:21.485: [INFO] OnDoneLoading sync enabled: 0
2026-08-27 05:29:21.485: [INFO] BookmarkModelLoaded, ids_reassigned: 0
2026-08-27 05:29:21.485: [INFO] BookmarksLoadDropped droppedNodes=0
2026-08-27 05:29:21.485: [INFO] BookmarksSnapshot Startup total=0 bar=0 other=0 mobile=0 showBar=0 showBarNTP=1
2026-08-27 05:30:20.790: [INFO] BookmarksSnapshot Shutdown total=0 bar=0 other=0 mobile=0 showBar=0 showBarNTP=1
2026-08-27 05:31:27.614: [INFO] CurrentProfilePath: C:\Users\hp\Desktop\My Java Projects\.metadata\.plugins\org.eclipse.swt\EBWebView\Default
2026-08-27 05:31:27.614: [INFO] Profiles total count: 1
2026-08-27 05:31:27.615: [INFO] Profile: name=Profile 1 path=C:\Users\hp\Desktop\My Java Projects\.metadata\.plugins\org.eclipse.swt\EBWebView\Default lastActive=2026-08-25T04:08:02.958Z
2026-08-27 05:31:27.615: [INFO] LastUsedProfileDir: C:\Users\hp\Desktop\My Java Projects\.metadata\.plugins\org.eclipse.swt\EBWebView\Default
2026-08-27 05:31:27.615: [INFO] MostRecentlyActiveProfile: name=Profile 1 path=C:\Users\hp\Desktop\My Java Projects\.metadata\.plugins\org.eclipse.swt\EBWebView\Default lastActive=2026-08-25T04:08:02.958Z
2026-08-27 05:31:27.615: [INFO] OnDoneLoading sync enabled: 0
2026-08-27 05:31:27.615: [INFO] BookmarkModelLoaded, ids_reassigned: 0
2026-08-27 05:31:27.615: [INFO] BookmarksLoadDropped droppedNodes=0
2026-08-27 05:31:27.615: [INFO] BookmarksSnapshot Startup total=0 bar=0 other=0 mobile=0 showBar=0 showBarNTP=1
2026-08-27 06:00:18.757: [INFO] BookmarksSnapshot Shutdown total=0 bar=0 other=0 mobile=0 showBar=0 showBarNTP=1
